Code,Name_JA,Name_EN,Ratio,Region,Subregion,Status,Colors_Summary,Notes,@AI_Image,@SVG_Image
AD,アンドラ,Andorra,7:10,Europe,Southern Europe,UN Member,Dark Blue: Blue 072 / Yellow: Yellow / Red: 199 / Beige: 466,"1999年の政府規定に基づく公式カラー（Blue: Pantone 072 C, Yellow, Red 199 C）を確認。帯の比率が均等（1:1:1）ではなく「8:8:9」である構造規定を追記。",../04_ai_cmyk/AD.ai,../03_svg_verified/AD.svg
AE,アラブ首長国連邦,United Arab Emirates,1:2,Asia,Western Asia,UN Member,"Red: 186 C / Green: 348 C / White: CMYK 0, 0, 0, 0 / Black: Black C","Standardized color specs (CMYK/HEX/RGB) to PANTONE Color Bridge values to prevent muddy K-channel output. Original notes: UAE政府の公式ガイドラインから直接 Pantone (Red 186 C, Green 348 C) と CMYK 値を特定。データをフルスクラッチで作成し、縦横の構造規定を追記。",../04_ai_cmyk/AE.ai,../03_svg_verified/AE.svg
AF,アフガニスタン,Afghanistan,2:3,Asia,Southern Asia,UN Member,Black: Black 6 C / Red: 485 C / Green: 356 C,"2021年の政変によりタリバン政権の白旗が事実上の国旗だが、国連加盟国としての公式・国際的認識に従い三色旗（規定: Black 6 C, Red 485 C, Green 356 C）でデータを記述。白旗については注記に留めた。",../04_ai_cmyk/AF.ai,../03_svg_verified/AF.svg
AG,アンティグア・バーブーダ,Antigua and Barbuda,2:3,Americas,Caribbean,UN Member,"Red: 032 C / Black: Black C / Blue: 300 C / White: CMYK 0, 0, 0, 0 / Yellow: 109 C",Standardized color specs (CMYK/HEX/RGB) to PANTONE Color Bridge values to prevent muddy K-channel output. Original notes: 政府による明確な Pantone 指定の法律が存在しない。国際的な旗章学の標準近似値（Red 032 C 等）であることを確認し、「公式法源は存在しないが標準近似値である」旨を記載。,../04_ai_cmyk/AG.ai,../03_svg_verified/AG.svg
AI,アンギラ,Anguilla,1:2,Americas,Caribbean,Territory,"Dark Blue: 281 C / White: CMYK 0, 0, 0, 0 / Red: 186 C / Light Blue: 291 C / Orange: 150 C",Standardized color specs (CMYK/HEX/RGB) to PANTONE Color Bridge values to prevent muddy K-channel output. Original notes: イギリスの海外領土のため「イギリスのブルー・エンサイン」の規定に従う。ベースの青を標準的な Pantone 281 C、独自のイルカ紋章のオレンジを 150 C と特定。,../04_ai_cmyk/AI.ai,../03_svg_verified/AI.svg
AL,アルバニア,Albania,5:7,Europe,Southern Europe,UN Member,Red: 485 C / Black: Black C,"Standardized color specs (CMYK/HEX/RGB) to PANTONE Color Bridge values to prevent muddy K-channel output. Original notes: 2002年制定の「法律第8926号」に基づく CMYK 値（Red: 0-100-100-0, Black: 0-0-0-100）と縦横比（5:7）を規定通りに追記。",../04_ai_cmyk/AL.ai,../03_svg_verified/AL.svg
AM,アルメニア,Armenia,1:2,Asia,Western Asia,UN Member,Red: 485 C / Blue: 286 C / Orange: 1235 C,"Standardized color specs (CMYK/HEX/RGB) to PANTONE Color Bridge values to prevent muddy K-channel output. Original notes: アルメニア国立標準化機構（SARM）が2012年に定めた非常に具体的な公式指定（Red: 485 C, Blue: 286 C, Orange: 1235 C）に完全に準拠するよう修正。",../04_ai_cmyk/AM.ai,../03_svg_verified/AM.svg
AO,アンゴラ,Angola,2:3,Africa,Middle Africa,UN Member,Red: 186 C / Black: Black C / Yellow: 109 C,Standardized color specs (CMYK/HEX/RGB) to PANTONE Color Bridge values to prevent muddy K-channel output. Original notes: 憲法で色は定められているものの、国家として公布された正確な Pantone 番号の法律が存在しない。旗章学の標準的な近似値（Red: 186 C 等）を特定。,../04_ai_cmyk/AO.ai,../03_svg_verified/AO.svg
AQ,南極,Antarctica,3:5,Other,Antarctica,Special,Navy Blue: 2767 C / White: 11-0601 TCX,"主権国家ではないため公式な旗はないが、多くの国家観測プログラム等で採用されている「True South（トゥルー・サウス）」の旗を中心に定義（Navy Blue: Pantone 2767 C, White: 11-0601 TCX, 比率 3:5）。",../04_ai_cmyk/AQ.ai,../03_svg_verified/AQ.svg
AR,アルゼンチン,Argentina,5:8,Americas,South America,UN Member,"Sky Blue: 284 C / Yellow: 1235 C / White: CMYK 0, 0, 0, 0 / Brown: 725 C",2010年の大統領令で織物印刷用の規格（TC: Textile Colors）が定義されている。本の実用性を考慮し、標準的な Pantone Coated 値（Sky Blue: 284 C 等）を保持しつつ、公式のTC規格（16-4132 TC等）を注記として併記。,../04_ai_cmyk/AR.ai,../03_svg_verified/AR.svg
AS,アメリカ領サモア,American Samoa,1:2,Oceania,Polynesia,Territory,"Blue: 281 C / Red: 032 C / Yellow: 109 C / Brown: 167 C / Black: Black C / White: CMYK 0, 0, 0, 0","Standardized color specs (CMYK/HEX/RGB) to PANTONE Color Bridge values to prevent muddy K-channel output. Original notes: アメリカの非自治的未編入地域。現地政府による国旗の法定カラーコードは存在しないため、国際的な指標としてロンドン2012オリンピックのマニュアル値（Blue 281 C, Red 032 C 等）を採用。0件だったJSONデータをフルスクラッチで作成。",../04_ai_cmyk/AS.ai,../03_svg_verified/AS.svg
AT,オーストリア,Austria,2:3,Europe,Western Europe,UN Member,"Red: 186 C / White: CMYK 0, 0, 0, 0",Standardized color specs (CMYK/HEX/RGB) to PANTONE Color Bridge values to prevent muddy K-channel output. Original notes: 赤と白の国旗だが、連邦法において単一の厳格なCMYK/Pantone指定は存在しない。ただし現代の実務上、および旗章学の標準として Pantone 186 C が広く受け入れられているため、旧規格（032 C）から 186 C へ修正し、法源ステータスを更新。,../04_ai_cmyk/AT.ai,../03_svg_verified/AT.svg
AU,オーストラリア,Australia,1:2,Oceania,Australia and New Zealand,UN Member,"Blue: 280 C / White: CMYK 0, 0, 0, 0 / Red: 185 C","Standardized color specs (CMYK/HEX/RGB) to PANTONE Color Bridge values to prevent muddy K-channel output. Original notes: 首相内閣省（PM&C）により公式な Pantone 指定（Blue 280 C, Red 185 C）が存在する。自動取得されたHEX値のゆらぎやデータ順序を整理し、公式のステータスとして完全に上書きして確定。",../04_ai_cmyk/AU.ai,../03_svg_verified/AU.svg
AW,アルバ,Aruba,2:3,Americas,Caribbean,Territory,"Blue: 279 C / Yellow: 109 C / White: CMYK 0, 0, 0, 0 / Red: 032 C","独自の国家旗章法で色が厳格に定められている（Larkspur Blue: 279 C, Bunting Yellow: 109 C, Union Jack Red: 032 C）。自動取得データ（Yellow 107, Red 186）が誤っていたため、法定値に正しく修正。",../04_ai_cmyk/AW.ai,../03_svg_verified/AW.svg
AX,オーランド諸島,Åland Islands,17:26,Europe,Northern Europe,Territory,Medium Blue: 2945 C / Yellow: 116 C / Red: 186 C,"Standardized color specs (CMYK/HEX/RGB) to PANTONE Color Bridge values to prevent muddy K-channel output. Original notes: データが0件だったが、実体は自治政府の条例（2004年第15号）により Pantone および CMYK（Medium Blue: 2945 C, Yellow: 116 C, Red: 186 C）が極めて厳密に制定されている。データと比率（17:26）をフルスクラッチで追加。",../04_ai_cmyk/AX.ai,../03_svg_verified/AX.svg
AZ,アゼルバイジャン,Azerbaijan,1:2,Asia,Western Asia,UN Member,"Blue: 306 C / Red: 032 C / White: CMYK 0, 0, 0, 0 / Green: 362 C","Standardized color specs (CMYK/HEX/RGB) to PANTONE Color Bridge values to prevent muddy K-channel output. Original notes: 2013年の国家象徴法の改正により、厳密なPantone指定（Blue: 306 C, Red: 032 C, Green: 362 C）がなされた。自動取得されていた古い規定値（313, 185, 3405）から最新の法定値に修正。",../04_ai_cmyk/AZ.ai,../03_svg_verified/AZ.svg
BA,ボスニア・ヘルツェゴビナ,Bosnia and Herzegovina,1:2,Europe,Southern Europe,UN Member,"Blue: 294 C / White: CMYK 0, 0, 0, 0 / Yellow: 116 C",政府による単一の厳密なPantone指定はないが、国旗制定の経緯から欧州評議会の旗（Council of Europe flag）の色に合わせることが意図されているため、標準仕様である Reflex Blue（294 C）と 116 C を確定値として採用。,../04_ai_cmyk/BA.ai,../03_svg_verified/BA.svg
BB,バルバドス,Barbados,2:3,Americas,Caribbean,UN Member,Ultramarine: 280 C / Black: Black C / Gold: 123 C,"Standardized color specs (CMYK/HEX/RGB) to PANTONE Color Bridge values to prevent muddy K-channel output. Original notes: 制定当時はイギリスの標準規格（British Standard Color Codes）のUltramarine (BCC 148) と Gold (BS 0/002) として定義されていた。これらに対応する現代の標準Pantone近似値（280 C, 123 C）を確定させ、法源ソースを更新。",../04_ai_cmyk/BB.ai,../03_svg_verified/BB.svg
BD,バングラデシュ,Bangladesh,3:5,Asia,Southern Asia,UN Member,Red: 485 C / Bottle Green: 342 C,Standardized color specs (CMYK/HEX/RGB) to PANTONE Color Bridge values to prevent muddy K-channel output. Original notes: 旗の法律上の色は「ボトルグリーン」と規定されているが、厳密なCMYK/Pantoneは国家立法では指定されていない。国際競技などの世界基準仕様である 342 C と 485 C を標準とし、「赤い円は旗竿側に少し寄っている（オフセット）」という構造上の特筆事項を追記。,../04_ai_cmyk/BD.ai,../03_svg_verified/BD.svg
BE,ベルギー,Belgium,13:15,Europe,Western Europe,UN Member,Black: Black C / Yellow: 115 C / Red: 032 C,"Standardized color specs (CMYK/HEX/RGB) to PANTONE Color Bridge values to prevent muddy K-channel output. Original notes: ベルギー政府の公式プロトコルガイドにより、厳格なPantone値（Yellow: 115 C, Red: 032 C）が指定されている。自動取得された広く知られる近似値（116 C, 186 C）を公式プロトコルガイドの本来の値に書き換え、さらに法的な比率が「13:15」である事実を明記。",../04_ai_cmyk/BE.ai,../03_svg_verified/BE.svg
BF,ブルキナファソ,Burkina Faso,2:3,Africa,Western Africa,UN Member,Red: 032 C / Yellow: 116 C / Green: 355 C,"Standardized color specs (CMYK/HEX/RGB) to PANTONE Color Bridge values to prevent muddy K-channel output. Original notes: 憲法上に厳密な指定はないため、フランス海軍旗章局などの世界的な旗章規格基準である Pantone 032 C, 116 C, 355 C を国際標準として採用し、法源ソースと注記を明記。",../04_ai_cmyk/BF.ai,../03_svg_verified/BF.svg
BG,ブルガリア,Bulgaria,3:5,Europe,Eastern Europe,UN Member,"White: CMYK 0, 0, 0, 0 / Green: 347 U / Red: 032 U","ブルガリア国家の公式な法律により、織物用の Pantone Textile scale（Green: 17-5936 TS, Red: 18-1664 TS）が厳密に定められている。デジタル・印刷用の政府公式近似値である 347 U と 032 U に正確に修正。",../04_ai_cmyk/BG.ai,../03_svg_verified/BG.svg
BH,バーレーン,Bahrain,3:5,Asia,Western Asia,UN Member,"Red: 485 C / White: CMYK 0, 0, 0, 0",政府発行の公式ガイドラインで、Red: 485 C と明確に指定されている。国旗の特徴である「イスラム教の五行を象徴する5つのジグザグの三角形」について注記を追加し、ステータスを確定。,../04_ai_cmyk/BH.ai,../03_svg_verified/BH.svg
BI,ブルンジ,Burundi,3:5,Africa,Eastern Africa,UN Member,"Red: 186 C / White: CMYK 0, 0, 0, 0 / Green: 361 C",Standardized color specs (CMYK/HEX/RGB) to PANTONE Color Bridge values to prevent muddy K-channel output. Original notes: 憲法で赤・白・緑と規定されているが、政府文書に明確なPantone番号は存在しない。ロンドン2012オリンピックなど国際行事で用いられる事実上の共通規格である 186 C と 361 C を採用。,../04_ai_cmyk/BI.ai,../03_svg_verified/BI.svg
BJ,ベナン,Benin,2:3,Africa,Western Africa,UN Member,Green: 355 C / Yellow: 109 C / Red: 032 C,"Standardized color specs (CMYK/HEX/RGB) to PANTONE Color Bridge values to prevent muddy K-channel output. Original notes: ブルンジ等と同様に政府令のPantoneが存在しないため、国際規格に倣い 355 C, 109 C, 032 C を汎用スタンダードとして規定し、ステータスを確定。",../04_ai_cmyk/BJ.ai,../03_svg_verified/BJ.svg
BL,サン・バルテルミー,Saint Barthélemy,2:3,Americas,Caribbean,Territory,"Blue: 072 C / White: CMYK 0, 0, 0, 0 / Red: 485 C",フランスの海外集団であり、現地政府の「公式な国旗」としての法定旗は存在しないため、フランス国旗（Tricolour）が唯一の法定旗（De jure）であることを確認。独自の紋章旗は非公式でありPantoneが存在しない旨を注記した。,../04_ai_cmyk/BL.ai,../03_svg_verified/BL.svg
BM,バミューダ,Bermuda,1:2,Americas,Northern America,Territory,"Dark Blue: 281 C / White: CMYK 0, 0, 0, 0 / Red: 032 C",Standardized color specs (CMYK/HEX/RGB) to PANTONE Color Bridge values to prevent muddy K-channel output. Original notes: イギリスの海外領土であり、レッド・エンサインに基づく。固有のPantone法令はないが、イギリス標準の 032 C（Red）と 281 C（Dark Blue）として定義し、ステータスを確定。,../04_ai_cmyk/BM.ai,../03_svg_verified/BM.svg
BN,ブルネイ,Brunei,1:2,Asia,South-Eastern Asia,UN Member,"Yellow: 102 C / White: CMYK 0, 0, 0, 0 / Black: Black C / Red: 032 C","Standardized color specs (CMYK/HEX/RGB) to PANTONE Color Bridge values to prevent muddy K-channel output. Original notes: ブルネイ情報局の公式記念冊子（Semarak Hari Kebangsaan Negara Brunei Darussalam 1984-2015）のPage 54に掲載されている公式国旗イメージから色を抽出。国際的に用いられていたオリンピックマニュアル等の近似値（特にYellowの#FFC000）は本来の鮮やかな黄色と乖離が大きいため、公式PDFの実態に即した色（Yellow: #FFFF33, Red: #EE1C25）に修正。",../04_ai_cmyk/BN.ai,../03_svg_verified/BN.svg
BO,ボリビア,Bolivia,15:22,Americas,South America,UN Member,Red: 485 C / Process Yellow: Process Yellow C / Green: 356 C,"Standardized color specs (CMYK/HEX/RGB) to PANTONE Color Bridge values to prevent muddy K-channel output. Original notes: 2004年の「最高法令第27630号」により、厳密なPantone指定（Red: 485 C, Yellow: Process Yellow C, Green: 356 C）として公式文書が存在していることを突き止め、ソースを確定。",../04_ai_cmyk/BO.ai,../03_svg_verified/BO.svg
BQ,ボネール、シント・ユースタティウスおよびサバ,"Bonaire, Sint Eustatius and Saba",2:3,Americas,Caribbean,Territory,"Bright Vermilion (Red): 032 C / White: CMYK 0, 0, 0, 0 / Cobalt Blue: 286 C","データが0件だったが、実体として「オランダ特別自治体（ボネール、シント・ユースタティウス、サバ）」の総称であり、この総称に対する固有の旗はない。したがってオランダ国旗が公式旗となるため、オランダの国家工業規格（NEN 3055）に基づく厳密な色（Bright Vermilion, Cobalt Blue）を登録し、理由を注記した。",../04_ai_cmyk/BQ.ai,../03_svg_verified/BQ.svg
BR,ブラジル,Brazil,7:10,Americas,South America,UN Member,"Green: 355 C / Yellow: Yellow C / White: CMYK 0, 0, 0, 0 / Blue: 280 C","Standardized color specs (CMYK/HEX/RGB) to PANTONE Color Bridge values to prevent muddy K-channel output. Original notes: 旗の色は法律（Law No. 5.700）で定められているものの、具体的な色コードへの言及がない。国際的なスポーツ大会等で汎用的に用いられ確立している 355 C (Green), Yellow C, 280 C (Blue) を代表値として採用した。",../04_ai_cmyk/BR.ai,../03_svg_verified/BR.svg
BS,バハマ,Bahamas,1:2,Americas,Caribbean,UN Member,Aquamarine: 3145 C / Gold: 123 C / Black: Black C,"JSONデータにおいて色が0件（△）となっていた案件。バハマ政府が明確に指定している公式Pantone値（Aquamarine: 3145 C, Gold: 123 C, Black）をフルスクラッチで追加し、国の公式ステータスを有することを明記。",../04_ai_cmyk/BS.ai,../03_svg_verified/BS.svg
BT,ブータン,Bhutan,2:3,Asia,Southern Asia,UN Member,"Yellow: 116 C / Orange: 165 C / White: CMYK 0, 0, 0, 0 / Black: Black C",複数の政府文書でRALカラー（RAL 1023など）が指定されているケースもあるが、国際的に最も一般的な印刷基準として確立している Pantone 116 C (Yellow) と 165 C (Orange) を採用して整備。,../04_ai_cmyk/BT.ai,../03_svg_verified/BT.svg
BV,ブーベ島,Bouvet Island,8:11,Americas,South America,Territory,"Norwegian Red: 200 C / White: CMYK 0, 0, 0, 0 / Norwegian Blue: 281 C",ノルウェー属領で無人島であり専用の旗はないため、ノルウェー国旗を使用。2021年のノルウェー外務省の公式ガイドラインで指定された 200 C と 281 C を採用し、その旨を追記。,../04_ai_cmyk/BV.ai,../03_svg_verified/BV.svg
BW,ボツワナ,Botswana,2:3,Africa,Southern Africa,UN Member,"Azure Blue: 277 C / White: CMYK 0, 0, 0, 0 / Black: Black C","法律（Botswana Emblems Act）では単に ""Azure Blue"" としか規定されていないため、ロンドンオリンピック標準などで確立している代理の Pantone 277 C を汎用スタンダードとして固定。",../04_ai_cmyk/BW.ai,../03_svg_verified/BW.svg
BY,ベラルーシ,Belarus,1:2,Europe,Eastern Europe,UN Member,"Red: 1795 C / Green: 355 C / White: CMYK 0, 0, 0, 0","Standardized color specs (CMYK/HEX/RGB) to PANTONE Color Bridge values to prevent muddy K-channel output. Original notes: 意匠は STB 911-2008 および大統領令で定義されるが、Pantone指定はないため、一般的な標準近似値である 1795 C (Red), 355 C (Green) を採用して最適化。",../04_ai_cmyk/BY.ai,../03_svg_verified/BY.svg
BZ,ベリーズ,Belize,3:5,Americas,Central America,UN Member,"Red: 485 C / Dark Blue: 2738 C / White: CMYK 0, 0, 0, 0",ベリーズの National Celebrations Commission が2019年に制定した標準化デザインに基づき、公式に定められた Pantone 2738 C (Dark Blue) と 485 C (Red) を登録。,../04_ai_cmyk/BZ.ai,../03_svg_verified/BZ.svg
CA,カナダ,Canada,1:2,Americas,Northern America,UN Member,"Red: 032 C / White: CMYK 0, 0, 0, 0","カナダ政府の Federal Identity Program によって厳密に規定された国旗の赤（Pantone 032 C / CMYK: 0, 100, 100, 0）を確定させ、法定カラーとしてステータスを更新。",../04_ai_cmyk/CA.ai,../03_svg_verified/CA.svg
CC,ココス（キーリング）諸島,Cocos (Keeling) Islands,1:2,Oceania,Australia and New Zealand,Territory,Green: 356 C / Yellow: 116 C / Brown: 1535 C,"Standardized color specs (CMYK/HEX/RGB) to PANTONE Color Bridge values to prevent muddy K-channel output. Original notes: 2004年に高校生のデザインが採用された旗。オーストラリアの領土であり、公式のPantone規定はない。国際的に広く推奨されるカラー（Green: 356 C, Yellow: 116 C, Brown: 1535 C）へと修正・整備。",../04_ai_cmyk/CC.ai,../03_svg_verified/CC.svg
CD,コンゴ民主共和国,DR Congo,3:4,Africa,Middle Africa,UN Member,Sky Blue: N/A / Yellow: N/A / Red: N/A,法的Pantone指定は存在しない。コンゴ民主共和国大統領府公式サイト（presidence.cd）のブランドカラーに準拠。ブルー #007FFF はCSS変数 --color1 およびナビバー背景、イエロー #F1DB28 はナビリンクのホバー色、レッド #FF2E44 はアクセントリンク色として使用されている。なお、元のWikipedia SVGのブルーも #007FFF であり、政府サイトと一致している。,../04_ai_cmyk/CD.ai,../03_svg_verified/CD.svg
CF,中央アフリカ共和国,Central African Republic,2:3,Africa,Middle Africa,UN Member,"Blue: 287 C / White: CMYK 0, 0, 0, 0 / Green: 355 C / Yellow: 116 C / Red: 186 C","Standardized color specs (CMYK/HEX/RGB) to PANTONE Color Bridge values to prevent muddy K-channel output. Original notes: JSON上のPantone指定に「!」などの不正なノイズが含まれていたためクリーンアップ。法的なPantoneの縛りはないため、オリンピックマニュアル等で推奨される標準近似値（287 C, 355 C, 116 C, 186 C 等）の書式を整えて整備した。",../04_ai_cmyk/CF.ai,../03_svg_verified/CF.svg
CG,コンゴ共和国,Congo,2:3,Africa,Middle Africa,UN Member,Green: 355 C / Yellow: 109 C / Red: 032 C,"Standardized color specs (CMYK/HEX/RGB) to PANTONE Color Bridge values to prevent muddy K-channel output. Original notes: 憲法で緑・黄・赤のトリコロールと定められているが、具体的な色指定はないため、汎用的に承認されている国際基準（355 C, 109 C, 032 C）を用いて補完・確定。",../04_ai_cmyk/CG.ai,../03_svg_verified/CG.svg
CH,スイス,Switzerland,1:1,Europe,Western Europe,UN Member,"Red: 485 C / White: CMYK 0, 0, 0, 0","2013年制定のスイス連邦法（SR 232.21）の付属書にて、赤の指定が「Pantone 485 C」および「CMYK: 0, 100, 100, 0」と厳格に法制化されていることをソースレベルで特定・明記し、De jure水準に引き上げた。",../04_ai_cmyk/CH.ai,../03_svg_verified/CH.svg
CI,コートジボワール,Côte d'Ivoire,2:3,Africa,Western Africa,UN Member,"Orange: 151 C / White: CMYK 0, 0, 0, 0 / Green: 347 C",Standardized color specs (CMYK/HEX/RGB) to PANTONE Color Bridge values to prevent muddy K-channel output. Original notes: 法律による具体的なカラーコードへの言及はない。国際組織（Album des Pavillons等）で広く採用されている 151 C (Orange) と 347 C (Green) を用いて標準化。,../04_ai_cmyk/CI.ai,../03_svg_verified/CI.svg
CK,クック諸島,Cook Islands,1:2,Oceania,Polynesia,Territory,"Blue: 281 C / White: CMYK 0, 0, 0, 0 / Red: 032 C",Standardized color specs (CMYK/HEX/RGB) to PANTONE Color Bridge values to prevent muddy K-channel output. Original notes: 独自の成分配合などはなく、オリンピックや国際的な使用標準に基づくニュージーランド・イギリス標準に準拠した 281 C (Blue) と 032 C (Red / 186 C同等) を承認カラーとして記録。,../04_ai_cmyk/CK.ai,../03_svg_verified/CK.svg
CL,チリ,Chile,2:3,Americas,South America,UN Member,"White: CMYK 0, 0, 0, 0 / Red: 485 C / Blue: 286 C",Standardized color specs (CMYK/HEX/RGB) to PANTONE Color Bridge values to prevent muddy K-channel output. Original notes: 旗の意匠や使用は規定（最高布告第1534号など）で定められているが、正確なPantone規定はない。国際的に広く採用されている 286 C (Blue) と 485 C (Red) で最適化した。,../04_ai_cmyk/CL.ai,../03_svg_verified/CL.svg
CM,カメルーン,Cameroon,2:3,Africa,Middle Africa,UN Member,Green: 355 C / Red: 032 C / Yellow: 109 C,"Standardized color specs (CMYK/HEX/RGB) to PANTONE Color Bridge values to prevent muddy K-channel output. Original notes: 憲法で意匠は定義されているが、具体的なカラーコード指定は存在しない。汎用として広く確立している 355 C (Green), 032 C (Red), 109 C (Yellow) へと修正・承認した。",../04_ai_cmyk/CM.ai,../03_svg_verified/CM.svg
CN,中国,China,2:3,Asia,Eastern Asia,UN Member,Red: 186 C / Yellow: 116 C,"法定標準「GB 12983-2004」にて布地の色彩はCIE 1964色空間で厳密に規定されているが、Pantone表記の法的指定は存在しない。デジタル・印刷用の汎用近似標準（186 C, 116 C）を補完して記録した。",../04_ai_cmyk/CN.ai,../03_svg_verified/CN.svg
CO,コロンビア,Colombia,2:3,Americas,South America,UN Member,Yellow: 116 C / Blue: 287 C / Red: 186 C,"Standardized color specs (CMYK/HEX/RGB) to PANTONE Color Bridge values to prevent muddy K-channel output. Original notes: 明確な色指定の法律はない。オリンピック旗マニュアルなどで確立している標準値 116 C (Yellow), 287 C (Blue), 186 C (Red) を使用して統一。",../04_ai_cmyk/CO.ai,../03_svg_verified/CO.svg
CR,コスタリカ,Costa Rica,3:5,Americas,Central America,UN Member,"Blue: Reflex Blue C / White: CMYK 0, 0, 0, 0 / Red: 485 C","2022年5月11日公布の法律第10178号（Ley 10178）により、Pantone Reflex Blue と 485 C が公式指定され De jure に昇格。国旗は法的に一般市民用の「Bandera Nacional（紋章なし）」と国家権力機関用の「Pabellón Nacional（紋章あり）」に二分され、民間使用は紋章なしが基本。国連・五輪および国際旗章学（市民旗基準）に準拠し本仕様では紋章なしを採用（紋章ありはCR_stateとして併載）。",../04_ai_cmyk/CR.ai,../03_svg_verified/CR.svg
CU,キューバ,Cuba,1:2,Americas,Caribbean,UN Member,"Red: 485 C / Blue: 301 C / White: CMYK 0, 0, 0, 0","Standardized color specs (CMYK/HEX/RGB) to PANTONE Color Bridge values to prevent muddy K-channel output. Original notes: 厳密なPantone指定が存在しないため、国際的に確立している 485 C (Red), 301 C (Blue) を標準近似として記録した。",../04_ai_cmyk/CU.ai,../03_svg_verified/CU.svg
CV,カーボベルデ,Cabo Verde,10:17,Africa,Western Africa,UN Member,"Blue: 287 C / White: CMYK 0, 0, 0, 0 / Red: 186 C / Yellow: 116 C","2009年の政府発令グラフィックデザインマニュアル（Manual de Normas Gráficas）に基づく公式規定 Pantone 287 C (Blue), 186 C (Red), 116 C (Yellow) へと修正し、De jure 指定として確立。",../04_ai_cmyk/CV.ai,../03_svg_verified/CV.svg
CW,キュラソー,Curaçao,2:3,Americas,Caribbean,Territory,"Blue: 280 C / White: CMYK 0, 0, 0, 0 / Yellow: 102 C","Standardized color specs (CMYK/HEX/RGB) to PANTONE Color Bridge values to prevent muddy K-channel output. Original notes: 法的なPantone指定はないため、旗章学の標準である 280 C (Blue), 102 C (Yellow) に正規化し、不要な文字列ノイズを削除してクリーンアップした。",../04_ai_cmyk/CW.ai,../03_svg_verified/CW.svg
CX,クリスマス島,Christmas Island,1:2,Oceania,Australia and New Zealand,Territory,"Blue: Dark Blue C / Green: 7731 C / White: CMYK 0, 0, 0, 0 / Yellow: 136 C","2002年に正式採用されたがPantone指定はない。汎用標準値 Dark Blue C, 7731 C (Green), 136 C (Yellow) としてフォーマットを修正した。",../04_ai_cmyk/CX.ai,../03_svg_verified/CX.svg
CY,キプロス,Cyprus,2:3,Asia,Western Asia,UN Member,"Copper: 1385 C / White: CMYK 0, 0, 0, 0 / Olive Green: 574 C","2006年の政府規定に合致するよう Pantone 1385 C (Copper map), 574 C (Olive green branches) に修正し、De jure に昇格。色名も公式規格に合わせて「Copper」と「Olive Green」へ変更した。",../04_ai_cmyk/CY.ai,../03_svg_verified/CY.svg
CZ,チェコ,Czechia,2:3,Europe,Eastern Europe,UN Member,"Blue: 287 C / White: CMYK 0, 0, 0, 0 / Red: 192 C",Standardized color specs (CMYK/HEX/RGB) to PANTONE Color Bridge values to prevent muddy K-channel output. Original notes: 法律で白・赤・青の三色は定義されているが、技術的なPantoneの法的規定はない。旗章学的に広く認められている 287 C (Blue) と 192 C (Red) を使用して標準化した。,../04_ai_cmyk/CZ.ai,../03_svg_verified/CZ.svg
DE,ドイツ,Germany,3:5,Europe,Western Europe,UN Member,Black: Black C / Red: 485 C / Gold: 7405 C,"基礎法（基本法）で黒・赤・金が定められている。技術的仕様は連邦政府のコーポレートデザイン規格が存在し、基本色として Black C, 485 C (Red), 7405 C (Gold) を適用して De jure 指定へ昇格させた。",../04_ai_cmyk/DE.ai,../03_svg_verified/DE.svg
DJ,ジブチ,Djibouti,2:3,Africa,Eastern Africa,UN Member,"Light Blue: 292 C / White: CMYK 0, 0, 0, 0 / Red: 032 C / Green: 361 C","Standardized color specs (CMYK/HEX/RGB) to PANTONE Color Bridge values to prevent muddy K-channel output. Original notes: 法的なPantone指定はないため、汎用的に用いられている近似標準値である 292 C (Light Blue), 361 C (Green), 032 C (Red) などへと構成とフォーマットを修正した。",../04_ai_cmyk/DJ.ai,../03_svg_verified/DJ.svg
DK,デンマーク,Denmark,28:37,Europe,Northern Europe,UN Member,"Red: 186 C / White: CMYK 0, 0, 0, 0",民間標準ではあるが、事実上の国家標準として広く国にも採用されている「Dansk Standard DS 359（Dannebrog Rød）」に基づき 186 C (Red) へと適用。法源を De jure として指定した。,../04_ai_cmyk/DK.ai,../03_svg_verified/DK.svg
DM,ドミニカ国,Dominica,1:2,Americas,Caribbean,UN Member,"Green: 347 C / Yellow: 116 C / Black: Black C / White: CMYK 0, 0, 0, 0 / Red: 185 C / Purple: 254 C","Standardized color specs (CMYK/HEX/RGB) to PANTONE Color Bridge values to prevent muddy K-channel output. Original notes: シッセロウインコなど複雑な配色をもつが、法的なPantoneの政府一律規定は存在しない。国際的な旗章学マニュアルにおいて標準とされる 347 C (Green), 116 C (Yellow), 185 C (Red), 254 C (Purple) などへと数値を成形して適応した。",../04_ai_cmyk/DM.ai,../03_svg_verified/DM.svg
DO,ドミニカ共和国,Dominican Republic,2:3,Americas,Caribbean,UN Member,"Blue: 294 C / White: CMYK 0, 0, 0, 0 / Red: 186 C / Black: Black C / Green: 355 C / Yellow: 109 C","Standardized color specs (CMYK/HEX/RGB) to PANTONE Color Bridge values to prevent muddy K-channel output. Original notes: 憲法ではウルトラマリンブルーとバーミリオンレッドと定義されているが数値規定はない。国際的に広く使われている 294 C (Blue), 186 C (Red) 等を De facto 指定として適用した。",../04_ai_cmyk/DO.ai,../03_svg_verified/DO.svg
DZ,アルジェリア,Algeria,2:3,Africa,Northern Africa,UN Member,"Green: 356 C / White: CMYK 0, 0, 0, 0 / Red: 186 C","Standardized color specs (CMYK/HEX/RGB) to PANTONE Color Bridge values to prevent muddy K-channel output. Original notes: 政府による厳密なPantone指定が存在しない。緑は「黄と青の等量混合」、赤は「純色」とされる記述に従い、旗章学の標準である 356 C (Green), 186 C (Red) に正規化した。",../04_ai_cmyk/DZ.ai,../03_svg_verified/DZ.svg
EC,エクアドル,Ecuador,2:3,Americas,South America,UN Member,Yellow: 109 C / Blue: 285 C / Red: 032 C,"2009年に国家通信庁(SENACOM)が策定した「国旗・国章使用マニュアル（Instructivo de uso de los Símbolos Patrios）」に基づき、109 C (Yellow), 285 C (Blue), 032 C (Red) へと修正し De jure 指定に昇格。",../04_ai_cmyk/EC.ai,../03_svg_verified/EC.svg
EE,エストニア,Estonia,7:11,Europe,Northern Europe,UN Member,"Blue: 285 C / Black: Black C / White: CMYK 0, 0, 0, 0",2005年の国旗法において青の色合いがPantone 285 Cと法的に明記されているため、これに合致させ De jure 指定とした。,../04_ai_cmyk/EE.ai,../03_svg_verified/EE.svg
EG,エジプト,Egypt,2:3,Africa,Northern Africa,UN Member,"Red: 186 C / White: CMYK 0, 0, 0, 0 / Gold: 116 C / Black: Black C","Standardized color specs (CMYK/HEX/RGB) to PANTONE Color Bridge values to prevent muddy K-channel output. Original notes: 法律で赤・白・黒とサラディンの鷲（金）が定められているものの、Pantone数値規定はないため、標準近似である 186 C (Red), 116 C (Gold) などの値を含めフォーマットを整えた。",../04_ai_cmyk/EG.ai,../03_svg_verified/EG.svg
EH,西サハラ,Western Sahara,1:2,Africa,Northern Africa,Territory,"Red: 3546 C / Black: Black 6 C / White: CMYK 0, 0, 0, 0 / Green: 7732 C","サハラ・アラブ民主共和国政府による法的なPantone規定は存在しない。パン・アラブ色を用いた旗章学の標準近似値（3546 C, Black 6 C, 7732 C）を整備し、ノイズ文字列を除去。",../04_ai_cmyk/EH.ai,../03_svg_verified/EH.svg
ER,エリトリア,Eritrea,1:2,Africa,Eastern Africa,UN Member,Green: 361 C / Red: 185 C / Blue: 279 C / Yellow: 123 C,"Standardized color specs (CMYK/HEX/RGB) to PANTONE Color Bridge values to prevent muddy K-channel output. Original notes: 法的にPantone/CMYK値は規定されていない。旗章学モデルにおける標準値（361 C, 185 C, 279 C, 123 C）を適用しフォーマットを統一。",../04_ai_cmyk/ER.ai,../03_svg_verified/ER.svg
ES,スペイン,Spain,2:3,Europe,Southern Europe,UN Member,Red: 032 C / Yellow: 109 C,"1981年の王令（Real Decreto 441/1981）でCIELAB色空間による厳密な色定義が行われている。実用印刷における標準Pantone近似値 032 C (Red), 109 C (Yellow) で記録し De jure 認定。また、紋章（盾のレオン王国の区画など）の銀色（白）背景が透過していた不具合を、Wikimedia最新版のパス（銀色：#e6e6e6, #b2b2b2 を含む）に更新して修正。",../04_ai_cmyk/ES.ai,../03_svg_verified/ES.svg
ET,エチオピア,Ethiopia,1:2,Africa,Eastern Africa,UN Member,Green: 347 C / Yellow: Yellow C / Red: 032 C / Blue: 2728 C,"Standardized color specs (CMYK/HEX/RGB) to PANTONE Color Bridge values to prevent muddy K-channel output. Original notes: 連邦旗章令（Proclamation 654/2009）で構造は定義されているが、Pantone数値の法的規定はない。既存のPantone値（347 C, Yellow C, 032 C, 2728 C）が標準に合致していることを確認し、ソースを正規化。",../04_ai_cmyk/ET.ai,../03_svg_verified/ET.svg
FI,フィンランド,Finland,11:18,Europe,Northern Europe,UN Member,"White: CMYK 0, 0, 0, 0 / Blue: 294 C",1993年の政府決定（827/1993）によりCIE色空間で青色が厳密に法定されている。実用Pantone換算値として294 Cが広く認められており、De jure ステータスを付与。,../04_ai_cmyk/FI.ai,../03_svg_verified/FI.svg
FJ,フィジー,Fiji,1:2,Oceania,Melanesia,UN Member,"Light Blue: 2915 C / Dark Blue: 281 C / White: CMYK 0, 0, 0, 0 / Red: 186 C / Green: 355 C / Yellow: 109 C","Standardized color specs (CMYK/HEX/RGB) to PANTONE Color Bridge values to prevent muddy K-channel output. Original notes: 政府によるPantone/CMYK規定は存在しない。イギリスのブルー・エンサインに基づく旗であり、標準近似値（2915 C, 281 C, 186 C等）を補完し、空欄だったGreen/Yellowにそれぞれ 355 C, 109 C を追加。",../04_ai_cmyk/FJ.ai,../03_svg_verified/FJ.svg
FK,フォークランド諸島,Falkland Islands,1:2,Americas,South America,Territory,"Blue: 281 C / White: CMYK 0, 0, 0, 0 / Red: 186 C","Standardized color specs (CMYK/HEX/RGB) to PANTONE Color Bridge values to prevent muddy K-channel output. Original notes: イギリスの海外領土であり固有のPantone法令はない。データに混入していたノイズ文字列（`!`）を一掃し、イギリス標準エンサイン色（281 C, 186 C）に正規化。",../04_ai_cmyk/FK.ai,../03_svg_verified/FK.svg
FM,ミクロネシア連邦,Micronesia,10:19,Oceania,Micronesia,UN Member,"Blue: 277 C / White: CMYK 0, 0, 0, 0",色データが0件であったため、フルスクラッチで作成。法律上は「青地に白い4つの星」としか記載されておらず、国連旗の青に倣った 277 C を標準として記録。,../04_ai_cmyk/FM.ai,../03_svg_verified/FM.svg
FO,フェロー諸島,Faroe Islands,8:11,Europe,Northern Europe,Territory,"White: CMYK 0, 0, 0, 0 / Blue: 300 C / Red: 032 C","北欧理事会（norden.org）やフェロー政府によって公式に Pantone 032 C (Red) と 300 C (Blue) が指定されていることを確認。元データの誤った 2144 C, 1788 C を公式値に修正し De jure に昇格。",../04_ai_cmyk/FO.ai,../03_svg_verified/FO.svg
FR,フランス,France,2:3,Europe,Western Europe,UN Member,"Blue: 2738 C / White: CMYK 0, 0, 0, 0 / Red: 2347 C",フランス海軍旗章局が発行する「Album des Pavillons」2023年版にて Pantone 2738 C (Blue) と 2347 C (Red) が最新の公式指定として確認された。元データの 072 C (Blue) と 485 C (Red) は旧来の代替表記であったため、最新公式値へと修正。,../04_ai_cmyk/FR.ai,../03_svg_verified/FR.svg
GA,ガボン,Gabon,3:4,Africa,Middle Africa,UN Member,Green: 355 C / Yellow: 109 C / Blue: 285 C,Standardized color specs (CMYK/HEX/RGB) to PANTONE Color Bridge values to prevent muddy K-channel output. Original notes: 政府による法定Pantone指定は存在しない。Album des Pavillons (2000) では 347 C / 116 C / 285 C、他のソースでは 355 C / 109 C / 293 C を引用しており、文献間で差異がある。旗章学的に最も権威ある Album des Pavillons の Blue 値（285 C）を優先採用し、他の色は広く承認されている標準値として整備。,../04_ai_cmyk/GA.ai,../03_svg_verified/GA.svg
GB,イギリス,United Kingdom,1:2,Europe,Northern Europe,UN Member,"Blue: 280 C / Red: 186 C / White: CMYK 0, 0, 0, 0","Standardized color specs (CMYK/HEX/RGB) to PANTONE Color Bridge values to prevent muddy K-channel output. Original notes: **重大なデータ誤りを発見・修正**。元データには Blue (#0057B7) と Yellow (#FFDD00) のみが登録されており、これはウクライナ国旗の配色であった。ユニオンジャックの正しい3色（Blue 280 C, Red 186 C, White）にフルスクラッチで再構成。Flag Institute（英国旗章学協会・国家旗章登録機関）の推奨値に準拠。法的に色を義務付ける British Standard は存在しない。",../04_ai_cmyk/GB.ai,../03_svg_verified/GB.svg
GD,グレナダ,Grenada,3:5,Americas,Caribbean,UN Member,Red: 032 C / Yellow: 109 C / Green: 355 C,"Standardized color specs (CMYK/HEX/RGB) to PANTONE Color Bridge values to prevent muddy K-channel output. Original notes: グレナダ大使館は国旗の象徴と比率（陸上5:3、海上2:1）を提供するが、Pantone/CMYK値は公式に規定していない。旗章学的な業界標準である 032 C (Red), 109 C (Yellow), 355 C (Green) が既存データと一致することを確認し、Pantone値に「C」サフィックスを付与して正規化。",../04_ai_cmyk/GD.ai,../03_svg_verified/GD.svg
GE,ジョージア,Georgia,2:3,Asia,Western Asia,UN Member,"Red: 485 C / White: CMYK 0, 0, 0, 0","Standardized color specs (CMYK/HEX/RGB) to PANTONE Color Bridge values to prevent muddy K-channel output. Original notes: ジョージアの法律は「五十字旗」（大きな聖ジョージの十字と4つの小さなボルニシ十字）の構造を詳細に定義しているが、赤色の具体的なPantone番号は法制化されていない。各出典で 485 C, 032 C, 186 C と値が分かれるが、最も多くの情報源で引用される 485 C を標準として採用。「C」サフィックスを付与し正規化。",../04_ai_cmyk/GE.ai,../03_svg_verified/GE.svg
GF,フランス領ギアナ,French Guiana,2:3,Americas,South America,Territory,"Blue: 2738 C / White: CMYK 0, 0, 0, 0 / Red: 2347 C","フランスの海外県であり、公式旗はフランスの三色旗（Tricolour）のみ。独自の非公式旗（緑/黄の対角分割に赤い星）は存在するが、フランス国当局は認めていない。FR（フランス）エントリと同一の最新公式値（Blue: 2738 C, Red: 2347 C）に統一。旧データの 072 C / 485 C を置換済み。",../04_ai_cmyk/GF.ai,../03_svg_verified/GF.svg
GG,ガーンジー,Guernsey,3:5,Europe,Northern Europe,Territory,"Red: 185 C / Gold: 108 C / White: CMYK 0, 0, 0, 0",Standardized color specs (CMYK/HEX/RGB) to PANTONE Color Bridge values to prevent muddy K-channel output. Original notes: 1985年4月30日にイングランドとの区別のため採用された白地に赤い聖ジョージ十字＋金のノルマン十字（Cross Pattée）。Pantone値に「N. A.            !」「185 C            !」等の大量のノイズ文字列が混入しており一掃。比率を2:3から正しい3:5へ修正。色順序を再整理し、色名「Yellow」を「Gold」に変更。,../04_ai_cmyk/GG.ai,../03_svg_verified/GG.svg
GH,ガーナ,Ghana,2:3,Africa,Western Africa,UN Member,Red: 032 C / Gold: 109 C / Green: 355 C / Black: Black C,"Standardized color specs (CMYK/HEX/RGB) to PANTONE Color Bridge values to prevent muddy K-channel output. Original notes: ガーナ国連代表部が象徴（赤=独立の血、金=鉱物資源、緑=森林資源、黒い星=アフリカ解放）を示すが、技術的なカラーコードは公布していない。既存データの 032, 109, 355 は標準近似として適切であることを確認し、「C」サフィックスを付与。色名「Yellow」を公式呼称の「Gold」に変更。",../04_ai_cmyk/GH.ai,../03_svg_verified/GH.svg
GI,ジブラルタル,Gibraltar,1:2,Europe,Southern Europe,Territory,"Red: 485 C / Amber: 143 C / White: CMYK 0, 0, 0, 0 / Black: Process Black C","**De jure に昇格**。2003年にジブラルタル政府三百年記念事業局長がCRW Flagsに提供した公式建設モデルに基づき、Red: 485 C, Amber: 143 C, Black: Process Black C と確定。元データの 2347 C と 108 C はノイズ混入の誤値であったため全面修正。色名「Gold」を公式称「Amber」に、新規に Black を追加。",../04_ai_cmyk/GI.ai,../03_svg_verified/GI.svg
GL,グリーンランド,Greenland,2:3,Americas,Northern America,Territory,"Red: 032 C / White: CMYK 0, 0, 0, 0",Standardized color specs (CMYK/HEX/RGB) to PANTONE Color Bridge values to prevent muddy K-channel output. Original notes: 1985年6月21日採用の「Erfalasorput（我らの旗）」。デザイナーはThue Christiansen。Album des Pavillons で赤は 032 C と記載されているが、元データは「186 C            !」とノイズ付きで誤った値になっていた。032 C に修正しノイズを一掃。デンマーク国旗（Dannebrog）と同色であることを注記。,../04_ai_cmyk/GL.ai,../03_svg_verified/GL.svg
GM,ガンビア,Gambia,2:3,Africa,Western Africa,UN Member,"Red: 186 C / Blue: 293 C / Green: 361 C / White: CMYK 0, 0, 0, 0","Standardized color specs (CMYK/HEX/RGB) to PANTONE Color Bridge values to prevent muddy K-channel output. Original notes: 政府による法定Pantone値は不在。Album des Pavillons 2023年版（最新）に記載の 186 C (Red), 293 C (Blue), 361 C (Green) へ更新。以前のデータ（032, 293, 355）から Red と Green を最新版の値に修正。CMYK値も Album des Pavillons 準拠に更新。",../04_ai_cmyk/GM.ai,../03_svg_verified/GM.svg
GN,ギニア,Guinea,2:3,Africa,Western Africa,UN Member,Red: 032 C / Yellow: 109 C / Green: 355 C,"Standardized color specs (CMYK/HEX/RGB) to PANTONE Color Bridge values to prevent muddy K-channel output. Original notes: 1958年11月10日採用のパン・アフリカ色（赤・黄・緑）の垂直三色旗。憲法で色名のみ定義、Pantone/CMYK規定なし。北京2008オリンピック文書等で汎用的に用いられる 032 C, 109 C, 355 C が既存データと一致することを確認し、「C」サフィックスを付与して正規化。",../04_ai_cmyk/GN.ai,../03_svg_verified/GN.svg
GP,グアドループ,Guadeloupe,2:3,Americas,Caribbean,Territory,"Blue: 2738 C / White: CMYK 0, 0, 0, 0 / Red: 2347 C","フランスの海外県であり、GF（フランス領ギアナ）と同様にフランスの三色旗が唯一の公式旗。旧データの 072 C / 485 C を最新の Album des Pavillons 2023 公式値（Blue: 2738 C, Red: 2347 C）に統一し、FR/GF エントリとの一貫性を確保。",../04_ai_cmyk/GP.ai,../03_svg_verified/GP.svg
GQ,赤道ギニア,Equatorial Guinea,2:3,Africa,Middle Africa,UN Member,"Green: 347 C / White: CMYK 0, 0, 0, 0 / Red: 032 C / Blue: 293 C","Standardized color specs (CMYK/HEX/RGB) to PANTONE Color Bridge values to prevent muddy K-channel output. Original notes: 政府による法定仕様なし。CRW Flags 等の旗章学データベースおよび Album des Pavillons に基づき、Green を 355 から 347 C に修正（より権威ある文献の値）。Red 032 C, Blue 293 C はそのまま維持し「C」サフィックスを追加。国章のシルクコットン木、六つ星、格言「UNIDAD – PAZ – JUSTICIA」を注記。",../04_ai_cmyk/GQ.ai,../03_svg_verified/GQ.svg
GR,ギリシャ,Greece,2:3,Europe,Southern Europe,UN Member,"Blue: 286 C / White: CMYK 0, 0, 0, 0",Standardized color specs (CMYK/HEX/RGB) to PANTONE Color Bridge values to prevent muddy K-channel output. Original notes: 法律851/1978号は「κυανός（シアン）」と白のみ規定し、技術的な色定義は存在しない。歴史的に青の濃淡は大きく変遷（オットー国王時代の淡青→軍事政権時代の濃紺）。元データの specs_source に「act shade」というゴミ文字が入っていたため削除。Blue を 300 C から 286 C（Album des Pavillons 準拠）に修正し、ノイズ文字列「!」を一掃。,../04_ai_cmyk/GR.ai,../03_svg_verified/GR.svg
GS,サウスジョージア・サウスサンドウィッチ諸島,South Georgia and the South Sandwich Islands,1:2,Americas,South America,Territory,"Blue: 281 C / Red: 186 C / White: CMYK 0, 0, 0, 0","Standardized color specs (CMYK/HEX/RGB) to PANTONE Color Bridge values to prevent muddy K-channel output. Original notes: **データ0件からフルスクラッチで作成**。イギリスの海外領土であり、ブルー・エンサインに領土紋章（1992年王室令で授与）を配する。紋章にはトーチを持つ金のライオン、オットセイ、マカロニペンギン、トナカイ、格言「Leo Terram Propriam Protegat」が描かれる。標準イギリス・エンサイン色（281 C, 186 C）で記録。",../04_ai_cmyk/GS.ai,../03_svg_verified/GS.svg
GT,グアテマラ,Guatemala,5:8,Americas,Central America,UN Member,"Sky Blue: 299 C / White: CMYK 0, 0, 0, 0",法律上「空色（azul cielo）」と定義されているが、Pantone指定はない。歴史的にISCC-NBS 177（Brilliant Blue / Celestial Blue）と紐づく。Pantone 297 と 299 の両方が見られるが、299 C がより一般的に引用されるため採用。色名を「Blue」から公式呼称「Sky Blue」に変更し、「C」サフィックスを付与。,../04_ai_cmyk/GT.ai,../03_svg_verified/GT.svg
GU,グアム,Guam,22:41,Oceania,Micronesia,Territory,Dark Blue: 281 C / Red: 032 C,"Standardized color specs (CMYK/HEX/RGB) to PANTONE Color Bridge values to prevent muddy K-channel output. Original notes: 領土法（1 GCA § 407）が旗のデザインと寸法（78×40インチ、赤枠2インチ）を法定するが、Pantone/CMYK値は規定なし。ロンドン2012オリンピック旗章マニュアルに記載の 281 C (Dark Blue), 032 C (Red) を De facto 標準として採用。「C」サフィックスを追加し正規化。",../04_ai_cmyk/GU.ai,../03_svg_verified/GU.svg
GW,ギニアビサウ,Guinea-Bissau,1:2,Africa,Western Africa,UN Member,Red: 032 C / Yellow: 109 C / Green: 355 C / Black: Black C,"Standardized color specs (CMYK/HEX/RGB) to PANTONE Color Bridge values to prevent muddy K-channel output. Original notes: 政府による法定Pantone指定なし。パン・アフリカ色で、黒い星はアフリカの統一を象徴。既存の 032, 109, 355 は標準近似として適切であることを確認し、「C」サフィックスを付与。CMYK値を旗章学的標準に合わせて微調整。",../04_ai_cmyk/GW.ai,../03_svg_verified/GW.svg
GY,ガイアナ,Guyana,3:5,Americas,South America,UN Member,"Green: 355 C / Golden Yellow: 109 C / Red: 032 C / White: CMYK 0, 0, 0, 0 / Black: Black C",Standardized color specs (CMYK/HEX/RGB) to PANTONE Color Bridge values to prevent muddy K-channel output. Original notes: 「Golden Arrowhead」の愛称で知られる5色旗（Whitney Smith デザイン）。公式Pantone仕様なし。色順序をデザインの構造に合わせて再配置（Green 背景→Golden Yellow 矢→Red 三角→White/Black 縁取り）。色名「Yellow」を「Golden Yellow」に修正し、「C」サフィックスを付与。,../04_ai_cmyk/GY.ai,../03_svg_verified/GY.svg
HK,香港,Hong Kong,2:3,Asia,Eastern Asia,Territory,"Red: 186 C / White: CMYK 0, 0, 0, 0",**De jure に昇格**。「区旗及び区章条例」により、厳格な建設図面・製造パラメータが法定されている。赤色は中華人民共和国の国旗の赤と同一でなければならないと規定。白いバウヒニア（Bauhinia × blakeana）の花弁に赤い星と花柱が施される。Pantone 186 C に「C」サフィックスを追加し、CMYK値を修正。,../04_ai_cmyk/HK.ai,../03_svg_verified/HK.svg
HM,ハード島とマクドナルド諸島,Heard Island and McDonald Islands,1:2,Oceania,Australia and New Zealand,Territory,"Blue: 280 C / Red: 185 C / White: CMYK 0, 0, 0, 0","無人島のオーストラリア外部領であり、独自の公式旗は存在しない。オーストラリア国旗を使用するため、AU（オーストラリア）エントリと同一の公式Pantone値（Blue: 280 C, Red: 185 C）を適用。全Pantone値から「N. A. !」等のノイズ文字列を一掃し、色の順序を整理（White を最後に配置）。",../04_ai_cmyk/HM.ai,../03_svg_verified/HM.svg
HN,ホンジュラス,Honduras,1:2,Americas,Central America,UN Member,"Navy Blue: 286 C / White: CMYK 0, 0, 0, 0",**＜最新情勢に基づく重要更新＞**。2026年1月27日、ホンジュラス政府は2022年のターコイズブルー政策を撤回し、伝統的な**ネイビーブルー**に復帰した。1949年法令では「turquoise」と明記されていたが、70年以上にわたりネイビーブルーで製造されてきた慣行を追認。旧データのターコイズ（306 C / #00BCE4）を新公式値のネイビーブルー（#0D3B99）に全面置換。White のPantone値に混入していた誤値 7436 C を削除し、色名を「Turquoise」から「Navy Blue」に変更。,../04_ai_cmyk/HN.ai,../03_svg_verified/HN.svg
HR,クロアチア,Croatia,1:2,Europe,Southern Europe,UN Member,"Red: 186 C / White: CMYK 0, 0, 0, 0 / Blue: 280 C / Light Blue: 297 C / Yellow: 116 C / Black: Black C","Standardized color specs (CMYK/HEX/RGB) to PANTONE Color Bridge values to prevent muddy K-channel output. Original notes: 「国章・国旗・国歌法」は色を文言（赤・白・青）で定義するのみで、技術的仕様は指定されていない。クロアチア国会（Sabor）が国家シンボルの建設シートを提供。主要三色旗は 186 C (Red), 280 C (Blue)。国章の王冠部分に Light Blue (297 C) と Yellow/Gold (116 C) が使われる。色名「Dark Blue」を「Blue」に簡略化し、全Pantone値に「C」サフィックスを付与。",../04_ai_cmyk/HR.ai,../03_svg_verified/HR.svg
HT,ハイチ,Haiti,3:5,Americas,Caribbean,UN Member,"Blue: 293 C / Red: 032 C / White: CMYK 0, 0, 0, 0 / Green: 355 C / Yellow: 102 C",Standardized color specs (CMYK/HEX/RGB) to PANTONE Color Bridge values to prevent muddy K-channel output. Original notes: 憲法に青と赤の水平二色帯と記載されるが、色コードは規定されていない。国旗（State Flag）は中央に白い四角と国章（王ヤシ、自由の帽子、格言「L'Union fait la force」）を配する。5色すべてに「C」サフィックスを追加し、CMYK値を旗章学標準に合わせて修正。,../04_ai_cmyk/HT.ai,../03_svg_verified/HT.svg
HU,ハンガリー,Hungary,1:2,Europe,Eastern Europe,UN Member,"Red: 18-1660 TCX / White: CMYK 0, 0, 0, 0 / Green: 18-6320 TCX","**De jure に昇格（100カ国目の節目）**。ハンガリー国家標準 MSZ 1361:2009 により、Pantone TCX（Textile Color eXtended）システムで法的に定義されている（Red: 18-1660 TCX / Tomato, Green: 18-6320 TCX / Fairway）。これらは織物製造用の法的に権威ある仕様である。デジタル/印刷近似としては 186 C (Red), 348 C (Green) が国際機関で用いられるが、法定仕様ではない。Pantone値から「✓」マーカーと説明語（""Tomato"", ""Fairway""）を削除してクリーンアップ。",../04_ai_cmyk/HU.ai,../03_svg_verified/HU.svg
ID,インドネシア,Indonesia,2:3,Asia,South-Eastern Asia,UN Member,"Red: 032 C / White: CMYK 0, 0, 0, 0","Standardized color specs (CMYK/HEX/RGB) to PANTONE Color Bridge values to prevent muddy K-channel output. Original notes: 「Sang Merah Putih（聖なる紅白）」として知られる二色旗。1945年憲法第35条と法律第24号/2009号で定義されるが、Pantone/CMYK値の法的指定はない。赤は RGB 255,0,0 の鮮明な赤と規定。White の CMYK が空欄だったため 0,0,0,0 に修正。Red の CMYK を 0,100,100,0 に修正し、「C」サフィックスを付与。",../04_ai_cmyk/ID.ai,../03_svg_verified/ID.svg
IE,アイルランド,Ireland,1:2,Europe,Northern Europe,UN Member,"Green: 347 C / White: CMYK 0, 0, 0, 0 / Orange: 151 C","Standardized color specs (CMYK/HEX/RGB) to PANTONE Color Bridge values to prevent muddy K-channel output. Original notes: 憲法でトリコロール（緑・白・オレンジ）と定められるが技術的色値は規定なし。首相府（Department of the Taoiseach）が国旗に関する行政責任を負う。政府旗章プロトコルにおいて Pantone 347 (Green), 151 (Orange) が歴史的に引用されている。「C」サフィックスを追加し、CMYK値を標準変換値に修正。notes 欄のゴミ文字列「Legal refs: Constitution of」を削除。",../04_ai_cmyk/IE.ai,../03_svg_verified/IE.svg
IL,イスラエル,Israel,8:11,Asia,Western Asia,UN Member,"Blue: 2728 C / White: CMYK 0, 0, 0, 0",「国旗・国章法」(1949) は色を「暗い空色（テヘレット / tekhelet）」と記述するが技術的定義はない。そのため青の正確な色合いは製造者により異なる。CRW Flags等で広く引用される 2728 C を採用（旧データの 300 は代替値）。specs_source に混入していたゴミ文字「act that」を削除。公式寸法：160cm × 220cm（8:11）、青帯幅 25cm。,../04_ai_cmyk/IL.ai,../03_svg_verified/IL.svg
IM,マン島,Isle of Man,1:2,Europe,Northern Europe,Territory,"Red: 186 C / Gold: 108 C / White: CMYK 0, 0, 0, 0",Standardized color specs (CMYK/HEX/RGB) to PANTONE Color Bridge values to prevent muddy K-channel output. Original notes: 赤地にトリスケリオン（三本の武装した脚が太腿で結合）を配する旗。13世紀のマン島紋章に由来し、1968年王室布告で時計回りに標準化。法定のPantone規定はない。全Pantone値からノイズ文字列「!」「N. A.」を一掃。Gold の Pantone を 107 C から 108 C に修正（CRW Flags 準拠）。,../04_ai_cmyk/IM.ai,../03_svg_verified/IM.svg
IN,インド,India,2:3,Asia,Southern Asia,UN Member,"India Saffron: 165 C / White: CMYK 0, 0, 0, 0 / India Green: 348 C / Navy Blue: 2755 C","**De jure に昇格**。インド標準局（BIS）の規格 IS 1 により、CIE 1931色空間（照明体C）で色が法的に定義。公式色名は India Saffron (Kesari), White, India Green, Navy Blue (Ashoka Chakra)。色は政府が保管する「封印標準旗（seal standard flag）」と一致しなければならない。Pantone値は印刷/デジタル近似（法的拘束力なし）。色名「Saffron」を「India Saffron」に変更（IS 1 準拠）。Green を 2258 C → 348 C、Navy Blue を 2735 C → 2755 C に修正（より広く認められた近似値）。White の非標準 Pantone「White C」を削除。",../04_ai_cmyk/IN.ai,../03_svg_verified/IN.svg
IO,イギリス領インド洋地域,British Indian Ocean Territory,1:2,Africa,Eastern Africa,Territory,"Blue: 281 C / Red: 186 C / White: CMYK 0, 0, 0, 0 / Green: 356 C",Standardized color specs (CMYK/HEX/RGB) to PANTONE Color Bridge values to prevent muddy K-channel output. Original notes: イギリスのブルー・エンサインに波型の青白縞と領土紋章（ヤシの木、セント・エドワード王冠）を配する旗。Blue を 280 C から 281 C に修正（標準イギリス・エンサイン色および Vexilla Mundi 準拠）。全Pantone値からノイズ文字列「!」「N. A.」を一掃し、色の順序を整理。,../04_ai_cmyk/IO.ai,../03_svg_verified/IO.svg
IQ,イラク,Iraq,2:3,Asia,Western Asia,UN Member,"Red: 185 C / White: CMYK 0, 0, 0, 0 / Black: Black 6 C / Green: 355 C","Standardized color specs (CMYK/HEX/RGB) to PANTONE Color Bridge values to prevent muddy K-channel output. Original notes: パン・アラブ色（赤・白・黒・緑）の横三色帯で、白帯に緑のクーフィー体で「アッラーフ・アクバル」。Album des Pavillons が 185 C (Red), 355 C (Green), Black 6 C を引用。Black の Pantone を「Black」から「Black 6 C」に修正。CMYK値を標準近似に修正し、「C」サフィックスを付与。",../04_ai_cmyk/IQ.ai,../03_svg_verified/IQ.svg
IR,イラン,Iran,4:7,Asia,Southern Asia,UN Member,"Green: 355 C / White: CMYK 0, 0, 0, 0 / Red: 186 C",Standardized color specs (CMYK/HEX/RGB) to PANTONE Color Bridge values to prevent muddy K-channel output. Original notes: 横三色旗（緑・白・赤）に帯境界沿いの「アッラーフ・アクバル」22回繰返しと中央紋章。ISIRI 1 はデザイン・構造を規定するが色のPantone定義を厳密には含まない。**Green を 335 から 355 C に修正（重大な誤り）**。Red は 186 C で確認。CMYK値を修正し「C」サフィックスを付与。,../04_ai_cmyk/IR.ai,../03_svg_verified/IR.svg
IS,アイスランド,Iceland,18:25,Europe,Northern Europe,UN Member,"Blue: 287 C / White: CMYK 0, 0, 0, 0 / Red: 1795 C","**De jure に昇格**。「アイスランド人の国旗及び国章に関する法律」第34号/1944年により公式に定義。色は SCOTDIC（Standard Colour of Textile）システムで規格化：Blue = SCOTDIC 693009, White = SCOTDIC 95, Red = SCOTDIC ICELAND FLAG RED。**Red を 199 から 1795 C に修正（重大な誤り）**。記述的色名（Light Blue, Snow White, Fiery Red）を標準名に簡略化。ノイズマーカー「✓」を除去。White CMYK を空欄から 0,0,0,0 に修正。",../04_ai_cmyk/IS.ai,../03_svg_verified/IS.svg
IT,イタリア,Italy,2:3,Europe,Southern Europe,UN Member,Green: 17-6153 TCX / White: 11-0601 TCX / Red: 18-1662 TCX,"**De jure に昇格**。2006年7月28日付官報第174号で公式に定義。Pantone TCX 織物値：Green = 17-6153 TCX (Fern Green), White = 11-0601 TCX (Bright White), Red = 18-1662 TCX (Scarlet Red)。布地旗の基準標本は国務儀典局、各県庁（Prefecture）、在外公館に保管されることが法定。デジタル/印刷近似として 340 C / 186 C が使用されるが法定値ではない。ノイズマーカー「✓」と記述的サフィックスを削除。ゴミ文字列「Legal refs: Constitution of」を除去。",../04_ai_cmyk/IT.ai,../03_svg_verified/IT.svg
JE,ジャージー,Jersey,3:5,Europe,Northern Europe,Territory,"Red: 186 C / Gold: 108 C / Blue: 293 C / White: CMYK 0, 0, 0, 0 / Black: Black 6 C",Standardized color specs (CMYK/HEX/RGB) to PANTONE Color Bridge values to prevent muddy K-channel output. Original notes: 白地に赤いサルタイアー（X字十字）、ジャージー紋章（赤地に三頭の金の豹）、プランタジネット冠を配する旗。法定Pantone規定なし。全Pantone値からノイズ文字列「!」を一掃。Gold の Pantone を「Yellow 012 C」から「108 C」に修正。色名「Yellow」を紋章学用語の「Gold」に変更。旗の白い地（White）がデータから欠落していたため追加。,../04_ai_cmyk/JE.ai,../03_svg_verified/JE.svg
JM,ジャマイカ,Jamaica,1:2,Americas,Caribbean,UN Member,Gold: 109 C / Green: 355 C / Black: Black C,Standardized color specs (CMYK/HEX/RGB) to PANTONE Color Bridge values to prevent muddy K-channel output. Original notes: Jamaica 55 や政府印刷仕様において Pantone 109 C/U (Gold) および 355 C/U (Green) が引用されている。**Gold Pantone を 115 から 109 C に修正（政府文書準拠）**。色名を「Yellow」から政府公式呼称の「Gold」に変更。Black Pantone を「Black」から「Black C」に修正。色順序を旗のデザイン構造に合わせて再配置（Gold サルタイアーを先頭）。,../04_ai_cmyk/JM.ai,../03_svg_verified/JM.svg
JO,ヨルダン,Jordan,1:2,Asia,Western Asia,UN Member,"Black: Black C / White: CMYK 0, 0, 0, 0 / Green: 355 C / Crimson: 200 C",**De jure に昇格。重大修正あり**。2007年王室プロトコル「ヨルダン国旗の基本要素」が権威ある出典。**赤を「Crimson」（Pantone 200 C）に修正 — 旧データの 485 は単なる赤で、王室プロトコルが指定する「深紅」とは全く異なる値であった**。パン・アラブ色：Black（アッバース朝）、White（ウマイヤ朝）、Green（ファーティマ朝）、Crimson三角（ハーシム家/大アラブ反乱）。七芒星 = クルアーン冒頭7節。,../04_ai_cmyk/JO.ai,../03_svg_verified/JO.svg
JP,日本,Japan,2:3,Asia,Eastern Asia,UN Member,"Crimson: 186 C / White: CMYK 0, 0, 0, 0",**De jure に昇格**。「国旗及び国歌に関する法律」（1999年）により日章旗を公式に制定。法律は白地に赤い円と記述するのみで、Pantone/CMYK値は規定しない。公式色参照：Munsell 5R 4/12（防衛省基準）、DIC 156（ODA文書）。色名を「Red」から「Crimson（紅色）」に変更 — 日本の伝統色「紅」は純粋な赤ではなく深い紅色。Pantone 186 C はデジタル近似値。White CMYK を空欄から修正。「C」サフィックスを付与。,../04_ai_cmyk/JP.ai,../03_svg_verified/JP.svg
KE,ケニア,Kenya,2:3,Africa,Eastern Africa,UN Member,"Black: Black C / Red: 180 C / Green: 347 C / White: CMYK 0, 0, 0, 0","Standardized color specs (CMYK/HEX/RGB) to PANTONE Color Bridge values to prevent muddy K-channel output. Original notes: 憲法（第二附則）が旗のデザインを定めるがPantone/CMYK色値は規定なし。横三色帯（黒・赤・緑）に白い縁取りと中央のマサイ族の盾と交差した槍。Red 180 C, Green 347 C は広く引用される標準近似値として確認。色順序を旗の構造に合わせて再配置。「C」サフィックスを付与。ゴミ文字列「Legal refs: Constitution in」を除去。",../04_ai_cmyk/KE.ai,../03_svg_verified/KE.svg
KG,キルギス,Kyrgyzstan,3:5,Asia,Central Asia,UN Member,Red: 1788 C / Yellow: Yellow C,"赤い地に黄金の太陽（40本の光線 = マナスに統一された40のキルギス部族）と中央のテュンドゥク（キルギスユルトの冠）。法定Pantone規定なし。既存値（1788 C, Yellow C）は既に「C」サフィックスありで正確と確認。法源とシンボリズム情報を追記。",../04_ai_cmyk/KG.ai,../03_svg_verified/KG.svg
KH,カンボジア,Cambodia,2:3,Asia,South-Eastern Asia,UN Member,"Blue: 286 C / Red: 032 C / White: CMYK 0, 0, 0, 0 / Black: Black 6 C",Standardized color specs (CMYK/HEX/RGB) to PANTONE Color Bridge values to prevent muddy K-channel output. Original notes: 横三色帯（青・赤・青、帯幅比1:2:1）にアンコール・ワット白色シルエット（三塔）を配する。1948年採用、1993年王政復古時に再採用。Blue を 293 から 286 C に修正。Black を「Black」から「Black 6 C」に修正。CMYK値を修正し「C」サフィックスを付与。,../04_ai_cmyk/KH.ai,../03_svg_verified/KH.svg
KI,キリバス,Kiribati,1:2,Oceania,Micronesia,UN Member,"Red: 032 C / Gold: 109 C / White: CMYK 0, 0, 0, 0 / Blue: 286 C","**De jure に昇格**。国家アイデンティティ法1989年によりデザインが法定。1937年紋章に基づく旗章旗。軍艦鳥（te eitei）が昇る太陽（17本の光 = ギルバート諸島16島 + バナバ）の上を飛び、青白の波型縞（太平洋）を配する。BSI 381C規格（Red: 539, Gold: 355, Blue: 110）も参照。ロンドン2012オリンピック値（032/109/286）をPantone近似値として採用。色名「Yellow」を「Gold」に変更。",../04_ai_cmyk/KI.ai,../03_svg_verified/KI.svg
KM,コモロ,Comoros,3:5,Africa,Eastern Africa,UN Member,"Green: 355 C / Yellow: 109 C / White: CMYK 0, 0, 0, 0 / Red: 032 C / Blue: 293 C",Standardized color specs (CMYK/HEX/RGB) to PANTONE Color Bridge values to prevent muddy K-channel output. Original notes: 四色横帯（黄=モヘリ島、白=マヨット島、赤=アンジュアン島、青=グランドコモル島）に緑の二等辺三角（イスラム教、白い三日月と四星）を配する。憲法は色を文言で記述するのみでPantone仕様なし。色順序を再配置（緑三角を先頭、次に四帯上→下順）。ゴミ source「constitution as」を除去。「C」サフィックスを付与、CMYK修正。,../04_ai_cmyk/KM.ai,../03_svg_verified/KM.svg
KN,セントクリストファー・ネイビス,Saint Kitts and Nevis,2:3,Americas,Caribbean,UN Member,"Green: 349 C / Red: 186 C / Yellow: 108 C / Black: Black C / White: CMYK 0, 0, 0, 0",**De jure に昇格。三色とも重大修正**。外務省公式サイト (mofa.gov.kn) が公式Pantone仕様を公表。**Green を 355 → 349 C に修正、Red を 032 → 186 C に修正、Yellow を 109 → 108 C に修正**。斜め黒帯（黄縁取り）が旗を緑上三角と赤下三角に分割。二つの白星 = 双子島のセントキッツとネイビス（希望と自由）。,../04_ai_cmyk/KN.ai,../03_svg_verified/KN.svg
KP,北朝鮮,North Korea,1:2,Asia,Eastern Asia,UN Member,"Red: 1788 C / White: CMYK 0, 0, 0, 0 / Blue: 2145 C",憲法が旗のデザインを定めるが、政府はPantone仕様を公開していない。Album des Pavillons 2023 が 1788 C (Red) および 2145 C (Blue) を引用し、最も権威ある旗章学上の参照値。中央の赤いパネルに白い円と赤い星。全Pantone値からノイズ文字列「!」「N. A.」を一掃。CMYK を Album des Pavillons 2023 値に修正。ゴミ notes 除去。,../04_ai_cmyk/KP.ai,../03_svg_verified/KP.svg
KR,韓国,South Korea,2:3,Asia,Eastern Asia,UN Member,"Red: 186 C / Blue: 294 C / White: CMYK 0, 0, 0, 0 / Black: Black C","**De jure に昇格**。「大韓民国国旗法」により法的に定義。公式色標準はCIE/マンセル座標：Red = Munsell 6.0R 4.5/14, Blue = 5.0PB 3.0/12, White = N 9.5, Black = N 0.5。政府推奨Pantone: 186 C (Red), 294 C (Blue) — いずれも確認。太極旗：白地、中央に太極（陰陽）、四隅に四卦。Black を「Black」から「Black C」に修正。CMYK を政府推奨値に修正。「C」サフィックスを付与。",../04_ai_cmyk/KR.ai,../03_svg_verified/KR.svg
KW,クウェート,Kuwait,1:2,Asia,Western Asia,UN Member,"Green: 340 C / White: CMYK 0, 0, 0, 0 / Red: 186 C / Black: Black C","Standardized color specs (CMYK/HEX/RGB) to PANTONE Color Bridge values to prevent muddy K-channel output. Original notes: 1961年9月7日採用のパン・アラブ色旗。横三色帯（緑・白・赤）にホイスト側の黒台形。Green 340 C, Red 186 C は標準近似値として確認。Black を「Black」から「Black C」に修正。「C」サフィックスを付与。CMYK修正。",../04_ai_cmyk/KW.ai,../03_svg_verified/KW.svg
KY,ケイマン諸島,Cayman Islands,1:2,Americas,Caribbean,Territory,"Blue: 281 C / Red: 032 C / White: CMYK 0, 0, 0, 0","Standardized color specs (CMYK/HEX/RGB) to PANTONE Color Bridge values to prevent muddy K-channel output. Original notes: イギリスのブルー・エンサインに紋章（海亀、パイナップル、三つ星の紋章盾）を白円内に配する旗。法定Pantone規定なし。ロンドン2012大会旗章マニュアルが 281 (Blue), 032 (Red) を参照値として提供。紋章にはYellow 109, Green 348/361, Light Blue 292 も含まれるが主要エンサイン色のみ保持。色名「Dark Blue」を「Blue」に簡略化。「C」サフィックスを付与。",../04_ai_cmyk/KY.ai,../03_svg_verified/KY.svg
KZ,カザフスタン,Kazakhstan,1:2,Asia,Central Asia,UN Member,Sky Blue: 3125 C / Gold: 810 C,"国家規格 ST-RK 988-2007 に従い、非繊維（グラフィック・デジタル）用途の公式仕様を採用。青（Sky Blue）のCMYK値が 100, 13, 0, 21 と極めて暗い値になっていたため、本来の鮮やかな空色の値（89, 0, 19, 0）に修正し、AIファイルとの色ズレを解消。ゴールドも 810 C（#FFC70E / CMYK 0, 22, 95, 0）に揃えて同期。",../04_ai_cmyk/KZ.ai,../03_svg_verified/KZ.svg
LA,ラオス,Laos,2:3,Asia,South-Eastern Asia,UN Member,"Red: 186 C / Blue: 280 C / White: CMYK 0, 0, 0, 0",Standardized color specs (CMYK/HEX/RGB) to PANTONE Color Bridge values to prevent muddy K-channel output. Original notes: 1975年12月2日採用。赤帯の倍幅の青帯を中央に配し、白い円盤（メコン川の満月）を配した横三色帯旗。**Red を 032 から 186 C に修正。Blue を 293 から 280 C に修正**。CMYK修正。「C」サフィックスを付与。,../04_ai_cmyk/LA.ai,../03_svg_verified/LA.svg
LB,レバノン,Lebanon,2:3,Asia,Western Asia,UN Member,"Red: 1788 C / White: CMYK 0, 0, 0, 0 / Green: 355 C",Standardized color specs (CMYK/HEX/RGB) to PANTONE Color Bridge values to prevent muddy K-channel output. Original notes: 憲法第5条（1943年12月7日改正）がデザインを定めるが色コードは規定なし。**Red を 485 C から 1788 C に修正（重大誤り）。Green を 347 C から 355 C に修正**。1990年の明確化により杉の木全体が緑でなければならず茶色の幹は違憲。ゴミ source「constitution does」およびゴミ notes を除去。,../04_ai_cmyk/LB.ai,../03_svg_verified/LB.svg
LC,セントルシア,Saint Lucia,1:2,Americas,Caribbean,UN Member,"Cerulean Blue: 2985 C / Gold: 109 C / Black: Black C / White: CMYK 0, 0, 0, 0",Dunstan St. Omer デザイン。セントルシア政府公式サイト（https://www.govt.lc/stluciaflag）掲載の公式画像（#63CFFE / RGB 99, 207, 254）および2002年政府仕様更新に基づき、背景のセルリアンブルーを従来の濃い青（Pantone 3005 C / #0077C8）から熱帯の青空と海を象徴する明るいセルリアンブルー（Pantone 2985 C / #63CFFE）へ改定。デザイナーの意図および政府の解説（カリブ海と大西洋のエメラルド色の海）に合致。,../04_ai_cmyk/LC.ai,../03_svg_verified/LC.svg
LI,リヒテンシュタイン,Liechtenstein,3:5,Europe,Western Europe,UN Member,Blue: 280 C / Red: 186 C / Gold: 116 C / Black: Process Black C,"Standardized color specs (CMYK/HEX/RGB) to PANTONE Color Bridge values to prevent muddy K-channel output. Original notes: 1982年国家シンボル法がデザインを定めるがPantone値は規定なし。Album des Pavillons が 280 C (Blue), 186 C (Red), 116 C (Gold) を引用。**Blue を 293→280 C、Red を 185→186 C、Gold を 109→116 C に修正（全3色修正）**。1937年にハイチの同一二色旗（1936年ベルリン五輪で発覚）と区別するため金の公爵冠を追加。色順序を整理。",../04_ai_cmyk/LI.ai,../03_svg_verified/LI.svg
LK,スリランカ,Sri Lanka,1:2,Asia,Southern Asia,UN Member,Gold: 124 C / Maroon: 194 C / Saffron: 152 C / Green: 3302 C / Black: Black C,"**De jure に昇格。全色を公式規格に基づき全面更新**。SLS 1:2020 が公式CMYK/HEX値を定義。色名「Dark Red」→「Maroon」（公式名）、「Yellow」→「Gold」に修正。全HEX/CMYK値をSLS 1:2020に更新。旧Pantone近似（109, 150, 361）は公式CMYK/HEXと大幅に乖離していたため、正確な近似値（124 C, 152 C, 3302 C）に全面置換。ライオン（kastane剣持ち）= シンハラ人の勇気、四つの菩提樹の葉 = 仏教の四徳、緑 = スリランカ・ムーア人、サフラン = スリランカ・タミル人。",../04_ai_cmyk/LK.ai,../03_svg_verified/LK.svg
LR,リベリア,Liberia,10:19,Africa,Western Africa,UN Member,"Red: 032 C / White: CMYK 0, 0, 0, 0 / Blue: 281 C",Standardized color specs (CMYK/HEX/RGB) to PANTONE Color Bridge values to prevent muddy K-channel output. Original notes: 旗章法（1961年）がデザインを定めるがPantone値は規定なし。11本の交互縞（赤6、白5）に紺青カントンと白い五芒星。縞 = 独立宣言署名者11名。色順序を再配置（Red を先頭）。「C」サフィックスを付与。ゴミ source「act center; law does」を除去。,../04_ai_cmyk/LR.ai,../03_svg_verified/LR.svg
LS,レソト,Lesotho,2:3,Africa,Southern Africa,UN Member,"Blue: Reflex Blue C / White: CMYK 0, 0, 0, 0 / Green: 347 C / Black: Black 6 C","**De jure に昇格**。2006年10月4日、独立40周年に採用。三色帯（青・白・緑、比率3:4:3）に黒いモコロトロ（バソト族伝統帽）のシルエット（白帯の92%高）を中央配置。内務省ガイダンスが Reflex Blue C, 347 C, Black 6 C を指定。Blue の「Reflex Blue」を「Reflex Blue C」に修正。Black 「Black」→「Black 6 C」。HEX/CMYK修正。",../04_ai_cmyk/LS.ai,../03_svg_verified/LS.svg
LT,リトアニア,Lithuania,3:5,Europe,Northern Europe,UN Member,Yellow: 1235 C / Green: 349 C / Red: 180 C,"**De jure に昇格**。国旗法で公式色をPantone TP システムで定義：Yellow = 15-0955 TP / 1235 C, Green = 19-6026 TP / 349 C, Red = 19-1664 TP / 180 C。**既存Pantone値（1235, 349, 180）は全て正確と確認**。CMYK を CRW Flags 推奨値に修正。「C」サフィックスを付与。",../04_ai_cmyk/LT.ai,../03_svg_verified/LT.svg
LU,ルクセンブルク,Luxembourg,3:5,Europe,Western Europe,UN Member,"Red: 032 C / White: CMYK 0, 0, 0, 0 / Light Blue: 299 C","**De jure に昇格**。1993年7月27日大公令が Pantone 032 C (Red) および 299 C (Light Blue) を法定指定。色名「Blue」を法的に必要な「Light Blue」に修正 — オランダ国旗（より暗い色調の三色旗）との区別が法的要件。既存Pantone値（032, 299）は正確と確認。CMYK修正。「C」サフィックスを付与。",../04_ai_cmyk/LU.ai,../03_svg_verified/LU.svg
LV,ラトビア,Latvia,1:2,Europe,Northern Europe,UN Member,"Carmine Red: 201 C / White: CMYK 0, 0, 0, 0",**De jure に昇格。重大修正あり**。2018年改正（2019年1月1日施行）により印刷/デジタル用に **Pantone 201 C**、織物用に **19-1629 TPX/TC** を明確化。**Pantone を 1807 から 201 C に修正（重大誤り — 完全に異なる色）**。色名「Carmine-Red」を「Carmine Red」に正規化。HEX修正。帯比率 2:1:2（深紅・白・深紅）。,../04_ai_cmyk/LV.ai,../03_svg_verified/LV.svg
LY,リビア,Libya,1:2,Africa,Northern Africa,UN Member,"Red: 485 C / Black: Black C / White: CMYK 0, 0, 0, 0 / Green: 348 C","Standardized color specs (CMYK/HEX/RGB) to PANTONE Color Bridge values to prevent muddy K-channel output. Original notes: 2011年8月に復活（1951年憲法の旗）。横三色帯（赤・黒・緑、黒は倍幅）に白い三日月と五芒星。政府発行のPantone仕様なし。Red 485 C, Green 348 C は CRW Flags の標準近似値。Black 「Black」→「Black C」。「C」サフィックスを付与。",../04_ai_cmyk/LY.ai,../03_svg_verified/LY.svg
MA,モロッコ,Morocco,2:3,Africa,Northern Africa,UN Member,Red: 7620 C / Green: 3425 C,1915年11月17日スルタン・ユセフのダヒール（勅令）により定義。**Red を 193 から 7620 C に修正（重大誤り）** — モロッコの赤は鮮やかなクリムゾンではなく、より暗く落ち着いた赤。**Green を 363 から 3425 C に修正** — 「棕櫚緑（palm green）」はより暗い緑。五芒星の幾何学的仕様を記録（半径 = 旗の長さの1/6、枝幅 = 星長の1/20）。,../04_ai_cmyk/MA.ai,../03_svg_verified/MA.svg
MC,モナコ,Monaco,4:5,Europe,Western Europe,UN Member,"Red: 186 C / White: CMYK 0, 0, 0, 0",Standardized color specs (CMYK/HEX/RGB) to PANTONE Color Bridge values to prevent muddy K-channel output. Original notes: 1881年4月4日公主令がデザインを定めるが色の具体的指定なし。**186 C は正確と確認**。グリマルディ家の紋章（1339年以来）に由来。公式比率は4:5（2:3でも製造）。「C」サフィックスを付与。,../04_ai_cmyk/MC.ai,../03_svg_verified/MC.svg
MD,モルドバ,Moldova,1:2,Europe,Eastern Europe,UN Member,Blue: 293 C / Yellow: 109 C / Red: 186 C / Brown: 4645 C / Green: 3415 C / Black: Black C,"**De jure に昇格**。国旗法（2010年）により法定。縦三色旗：ベルリン紺青（青）、クロームイエロー、朱赤。紋章は黄帯中央（幅 = 旗の長さの1/5）、両面印刷。紋章色（Brown 4645, Green 3415）は国家紋章委員会により確認。Black 「Black」→「Black C」。ゴミ source 除去。「C」サフィックスを付与。",../04_ai_cmyk/MD.ai,../03_svg_verified/MD.svg
ME,モンテネグロ,Montenegro,1:2,Europe,Southern Europe,UN Member,Red: 186 C / Gold: 117 C / Blue: 301 C / Green: 377 C / Brown: 131 C,Standardized color specs (CMYK/HEX/RGB) to PANTONE Color Bridge values to prevent muddy K-channel output. Original notes: 2004年7月13日採用。赤地に金の縁取り（旗の高さの1/20）と中央の国章（旗の高さの2/3）。国章：金の冠付き双頭鷲、笏と十字架球を持つ。**Red を 032 から 186 C に修正。Gold を 110 から 117 C に修正**。CMYK修正。「C」サフィックスを付与。,../04_ai_cmyk/ME.ai,../03_svg_verified/ME.svg
MF,サン・マルタン,Saint Martin (French part),2:3,Americas,Caribbean,Territory,"Blue: 072 C / White: CMYK 0, 0, 0, 0 / Red: 485 C","フランスの海外準県としてフランス三色旗（tricolore）を使用。NF X 08002（AFNOR規格）が色仕様を提供：Blue = 072 C (A 503), Red = 485 C (A 805)。独自の公式旗なし。既存値は正確と確認。ゴミ notes を除去。",../04_ai_cmyk/MF.ai,../03_svg_verified/MF.svg
MG,マダガスカル,Madagascar,2:3,Africa,Eastern Africa,UN Member,"White: CMYK 0, 0, 0, 0 / Red: Warm Red C / Green: 348 C",Standardized color specs (CMYK/HEX/RGB) to PANTONE Color Bridge values to prevent muddy K-channel output. Original notes: 憲法が白・赤・緑の三色旗と定義。ホイスト側に白縦帯、フライ側に赤（上）と緑（下）。Album des Pavillons が Warm Red C と 348 C を引用 — いずれも正確と確認。色順序を再配置（White を先頭に）。White の CMYK に含まれていた不正なトレーリングカンマを修正。,../04_ai_cmyk/MG.ai,../03_svg_verified/MG.svg
MH,マーシャル諸島,Marshall Islands,10:19,Oceania,Micronesia,UN Member,"Blue: 287 C / Orange: 152 C / White: CMYK 0, 0, 0, 0","Standardized color specs (CMYK/HEX/RGB) to PANTONE Color Bridge values to prevent muddy K-channel output. Original notes: 公式旗章法1979年がデザインを定めるがPantone値なし。**色名「Gold」を「Orange」に修正** — 立法上の公式名称は「orange」。24芒星の24の点 = 24の自治体。Blue 287 C, Orange 152 C は確認。CMYK修正。「C」サフィックスを付与。",../04_ai_cmyk/MH.ai,../03_svg_verified/MH.svg
MK,北マケドニア,North Macedonia,1:2,Europe,Southern Europe,UN Member,Red: 485 C / Yellow: 108 C,Standardized color specs (CMYK/HEX/RGB) to PANTONE Color Bridge values to prevent muddy K-channel output. Original notes: 1995年10月5日国旗法採用。**Red を 1795 C から 485 C に修正。Yellow を 107 C から 108 C に修正** — Album des Pavillons の標準値。太陽の中心は旗の対角線の交点、中央円盤の直径 = 旗の長さの1/7。ノイズ文字「!」を除去。CMYK修正。,../04_ai_cmyk/MK.ai,../03_svg_verified/MK.svg
ML,マリ,Mali,2:3,Africa,Western Africa,UN Member,Green: 355 C / Gold: 109 C / Red: 186 C,"Standardized color specs (CMYK/HEX/RGB) to PANTONE Color Bridge values to prevent muddy K-channel output. Original notes: 1961年3月1日採用（1959年マリ連邦旗からカナガ像を除去）。縦三色旗：緑（ホイスト）、金、赤。Green 355 C, Gold 109 C 確認。**Red を 032 から 186 C に修正**。色名「Yellow」を「Gold」に変更（鉱物資源の象徴）。CMYK修正。「C」サフィックスを付与。",../04_ai_cmyk/ML.ai,../03_svg_verified/ML.svg
MM,ミャンマー,Myanmar,2:3,Asia,South-Eastern Asia,UN Member,"Yellow: 116 C / Green: 361 C / Red: 1788 C / White: CMYK 0, 0, 0, 0","Standardized color specs (CMYK/HEX/RGB) to PANTONE Color Bridge values to prevent muddy K-channel output. Original notes: 2010年10月21日採用。三色帯（黄・緑・赤）に大きな白い五芒星が全帯に重なる。ミャンマー大使館（ベルリン）が公式Pantone PC値を提供：116 PC (Yellow), 361 PC (Green), 1788 PC (Red) — **全て正確と確認** ✅。色順序を再配置（White を末尾に）。CMYK を大使館値に修正。「C」サフィックスを付与。",../04_ai_cmyk/MM.ai,../03_svg_verified/MM.svg
MN,モンゴル,Mongolia,1:2,Asia,Eastern Asia,UN Member,Red: 032 C / Blue: 660 C / Yellow: 116 C,"**De jure に昇格。全3色とも重大修正**。2011年7月8日の公式色標準化にて確定。1992年1月12日の現行デザイン（社会主義の星を除去）採用。三色縦帯（赤・青・赤）にソヨンボ紋章。**Red を 485 から 032 C に修正。Blue を 2915 から 660 C に修正。Yellow を 109 から 116 C に修正** — 2011年以前の国際マニュアル値（485, 2915, 109）は完全に置換されている。",../04_ai_cmyk/MN.ai,../03_svg_verified/MN.svg
MO,マカオ,Macao,2:3,Asia,Eastern Asia,Territory,"Green: 3295 C / White: CMYK 0, 0, 0, 0 / Yellow: 109 C","**De jure。空データから完全に新規作成**。GB 17654-1999 が旗の仕様を定義。緑地に白い蓮花（三枚花弁 = マカオ半島、タイパ島、コロアネ島）、白い橋と水の意匠、五つの金色星。Green 3295 C, Yellow 109 C を設定。",../04_ai_cmyk/MO.ai,../03_svg_verified/MO.svg
MP,北マリアナ諸島,Northern Mariana Islands,1:2,Oceania,Micronesia,Territory,"Blue: 286 C / White: CMYK 0, 0, 0, 0 / Grey: 421 C","Standardized color specs (CMYK/HEX/RGB) to PANTONE Color Bridge values to prevent muddy K-channel output. Original notes: CNMI法令にPantone指定なし。青地に白い星、灰色のラッテ・ストーン（古代チャモロ建築の柱）、ムワール（カロリン族の花輪）。Blue 286 C 確認。**Grey を「Cool Gray 5 C」から「421 C」に修正**。花輪の追加色（Red 1788 C, Yellow 102 C, Purple 239 C 等）は旗の主要色のみ保持。ノイズ「!」除去。",../04_ai_cmyk/MP.ai,../03_svg_verified/MP.svg
MQ,マルティニーク,Martinique,2:3,Americas,Caribbean,Territory,"Blue: 072 C / White: CMYK 0, 0, 0, 0 / Red: 485 C","フランスの海外県としてフランス三色旗を使用。NF X 08002 が色仕様を提供。既存値（072 C, 485 C）は正確と確認。ゴミ notes 除去。",../04_ai_cmyk/MQ.ai,../03_svg_verified/MQ.svg
MR,モーリタニア,Mauritania,2:3,Africa,Western Africa,UN Member,Green: 354 C / Gold: Yellow 012 C / Red: 186 C,Standardized color specs (CMYK/HEX/RGB) to PANTONE Color Bridge values to prevent muddy K-channel output. Original notes: 2017年国民投票で赤帯を追加（上下各1/5）。2020年5月に政府グラフィック・チャーターを公布。**Green を 3405 から 354 C に修正。Red を 485 から 186 C に修正**。色名「Yellow」を「Gold」に変更。,../04_ai_cmyk/MR.ai,../03_svg_verified/MR.svg
MS,モントセラト,Montserrat,1:2,Americas,Caribbean,Territory,"Blue: 280 C / Red: 186 C / White: CMYK 0, 0, 0, 0","Standardized color specs (CMYK/HEX/RGB) to PANTONE Color Bridge values to prevent muddy K-channel output. Original notes: 英国ブルー・エンサイン。紋章は「エリン」（アイルランドの女性擬人化、緑のドレス、黄金のハープ、黒い十字）。1999年に紋章拡大・白縁取り変更。Blue 280 C, Red 186 C 確認。ノイズ除去。",../04_ai_cmyk/MS.ai,../03_svg_verified/MS.svg
MT,マルタ,Malta,2:3,Europe,Southern Europe,UN Member,"White: CMYK 0, 0, 0, 0 / Red: 186 C / Black: Black C",**De jure に昇格**。首相府が2008年2月に公式仕様書を公布。Red 186 C（スポットカラー: 50% rubine red / 50% warm red）。白・赤の二色帯（白がホイスト）にジョージ・クロス（1942年4月15日授与）。White CMYK を補填。色順序を再配置。ノイズ「!」とゴミ source 除去。,../04_ai_cmyk/MT.ai,../03_svg_verified/MT.svg
MU,モーリシャス,Mauritius,2:3,Africa,Eastern Africa,UN Member,Red: 1788 C / Blue: 2756 C / Yellow: 012 C / Green: 7482 C,**De jure に昇格。全4色とも重大修正**。「Les Quatre Bandes」1968年3月12日採用。比率3:2（横:縦）。**Red を 032 から 1788 C に修正。Blue を 300 から 2756 C に修正。Yellow を 109 から 012 C に修正。Green を 355 から 7482 C に修正** — 全てが異なる色であり、既存データは完全に不正確であった。,../04_ai_cmyk/MU.ai,../03_svg_verified/MU.svg
MV,モルディブ,Maldives,2:3,Asia,Southern Asia,UN Member,"Red: 186 C / Green: 348 C / White: CMYK 0, 0, 0, 0","Standardized color specs (CMYK/HEX/RGB) to PANTONE Color Bridge values to prevent muddy K-channel output. Original notes: 1965年7月25日採用。赤い枠（幅 = 旗幅の1/4）に緑の長方形（1/2幅×2/3長）中央配置、白い垂直三日月。Red 186 C, Green 348 C は Album des Pavillons で確認 — 正確。CMYK修正。「C」サフィックスを付与。",../04_ai_cmyk/MV.ai,../03_svg_verified/MV.svg
MW,マラウイ,Malawi,2:3,Africa,Eastern Africa,UN Member,Black: Black C / Red: 186 C / Green: 356 C,"Standardized color specs (CMYK/HEX/RGB) to PANTONE Color Bridge values to prevent muddy K-channel output. Original notes: 2012年5月28日復活旗（各1964年独立時デザイン、2010年変更は不評で撤回）。三色帯（黒・赤・緑）に赤い昇る太陽（31本の光線 = アフリカ31番目の独立国）。Red 186 C, Green 356 C 確認。Black 「Black」→「Black C」。「C」サフィックスを付与。",../04_ai_cmyk/MW.ai,../03_svg_verified/MW.svg
MX,メキシコ,Mexico,4:7,Americas,Central America,UN Member,"Green: 3425 C / White: CMYK 0, 0, 0, 0 / Red: 186 C",**De jure に昇格**。内務省が Green 3425 C と Red 186 C を推奨 — **両方とも既存値と一致、正確と確認** ✅。比率4:7（独自比率）。国章（サボテン上で蛇を食す鷲）は白帯中央、直径 = 白帯幅の3/4。色名「Dark Green」→「Green」（公式呼称）。White CMYK 補填。,../04_ai_cmyk/MX.ai,../03_svg_verified/MX.svg
MY,マレーシア,Malaysia,1:2,Asia,South-Eastern Asia,UN Member,"Red: 485 C / White: CMYK 0, 0, 0, 0 / Blue: 286 C / Yellow: 109 C","Standardized color specs (CMYK/HEX/RGB) to PANTONE Color Bridge values to prevent muddy K-channel output. Original notes: 「Jalur Gemilang（栄光の縞）」。14本の赤白交互帯に紺青カントン（黄色い三日月と14芒星）。公式Pantone仕様が公開されておらず複数ソースが矛盾（Red: 485/2768, Blue: 286/199, Yellow: 108/109）。最も広く引用される Red 485 C, Blue 286 C, Yellow 109 C を維持。公式ガイダンスが入手され次第更新の可能性あり。「C」サフィックスを付与。",../04_ai_cmyk/MY.ai,../03_svg_verified/MY.svg
MZ,モザンビーク,Mozambique,2:3,Africa,Eastern Africa,UN Member,"Green: 355 C / Black: Black C / Yellow: 109 C / White: CMYK 0, 0, 0, 0 / Red: 185 C","Standardized color specs (CMYK/HEX/RGB) to PANTONE Color Bridge values to prevent muddy K-channel output. Original notes: 世界唯一の近代火器掲載国旗（AK-47銃剣付き）。憲法がデザインを定めるがPantone値は規定なし。複数の公式マニュアルが異なる値を使用（London 2012: 355/109/185、政府ウェブ: 328/102/186、Beijing 2008: 032/102/342）。London 2012値を採用。Green 355 C, Yellow 109 C, Red 185 C 確認。Black 「Black」→「Black C」。ゴミ source 除去。",../04_ai_cmyk/MZ.ai,../03_svg_verified/MZ.svg
NA,ナミビア,Namibia,2:3,Africa,Southern Africa,UN Member,"Blue: Reflex Blue C / Red: 485 C / White: CMYK 0, 0, 0, 0 / Yellow: 123 C / Green: 347 C","Standardized color specs (CMYK/HEX/RGB) to PANTONE Color Bridge values to prevent muddy K-channel output. Original notes: 憲法が幾何学的仕様を定義（tierced per bend reversed）。Blue (Reflex Blue C), Red 485 C, Yellow 123 C, Green 347 C — 全て確認。金色の太陽（12本の光線、直径 = 旗幅の1/3）。「C」サフィックスを付与。",../04_ai_cmyk/NA.ai,../03_svg_verified/NA.svg
NC,ニューカレドニア,New Caledonia,2:3,Oceania,Melanesia,Territory,"Blue: 2738 C / White: CMYK 0, 0, 0, 0 / Red: 2347 C",ニューカレドニアの公式の旗はフランス国旗と同じ（フランス国旗との並掲決議はあるが、公式国旗としては三色旗のみ）。最新のフランス公式指定である Pantone 2738 C (Blue) と 2347 C (Red) を適用。,../04_ai_cmyk/NC.ai,../03_svg_verified/NC.svg
NE,ニジェール,Niger,6:7,Africa,Western Africa,UN Member,"Orange: 166 C / White: CMYK 0, 0, 0, 0 / Green: 361 C",Standardized color specs (CMYK/HEX/RGB) to PANTONE Color Bridge values to prevent muddy K-channel output. Original notes: 政府発行のPantone仕様なし。三色帯（橙・白・緑）にオレンジ色の円盤（白帯中央）。比率6:7（ほぼ正方形）。**Orange を 150 から 166 C に修正。Green を 355 から 361 C に修正**。CMYK修正。「C」サフィックスを付与。,../04_ai_cmyk/NE.ai,../03_svg_verified/NE.svg
NF,ノーフォーク島,Norfolk Island,1:2,Oceania,Australia and New Zealand,Territory,"Green: 356 C / White: CMYK 0, 0, 0, 0",**De jure に昇格**。1979年法が Green **356 C** を法定指定 — 唯一の立法規定色。三色縦帯（緑・白・緑）比率7:9:7にノーフォーク島松（Araucaria heterophylla）。**356 C は正確と確認** ✅。ノイズ「!」除去。ゴミ source 除去。,../04_ai_cmyk/NF.ai,../03_svg_verified/NF.svg
NG,ナイジェリア,Nigeria,1:2,Africa,Western Africa,UN Member,"Green: 355 C / White: CMYK 0, 0, 0, 0",Standardized color specs (CMYK/HEX/RGB) to PANTONE Color Bridge values to prevent muddy K-channel output. Original notes: 1960年10月1日採用。縦三色旗（緑・白・緑）。政府文書にPantone/CMYK値なし。「エメラルドグリーン」と記述。Green 355 C が最も広く引用される値として確認。HEX を355 C標準参照値に修正。「C」サフィックスを付与。,../04_ai_cmyk/NG.ai,../03_svg_verified/NG.svg
NI,ニカラグア,Nicaragua,3:5,Americas,Central America,UN Member,"Blue: 300 C / White: CMYK 0, 0, 0, 0 / Gold: 125 C / Light Blue: 292 C / Green: 376 C","1971年8月25日法令1908号が現行デザインを再確認。法律上、青帯は「azul cobalto（コバルトブルー）」と規定。英国旗章協会（Flag Institute）やAlbum des Pavillons等の国際標準に従い、濃紺すぎた280 C（#002878）から本来のコバルトブルーである300 C（#005EB8）に修正。国章の五火山は日向と影の階調（黄・黄緑・緑の複数トーン）による立体的な陰影表現を完全復元。",../04_ai_cmyk/NI.ai,../03_svg_verified/NI.svg
NL,オランダ,Netherlands,2:3,Europe,Western Europe,UN Member,"Red: 186 C / White: CMYK 0, 0, 0, 0 / Blue: 286 C",**De jure。空データから完全に新規作成**。1937年2月19日の王令（ウィルヘルミナ女王）で色を再確認。NEN 3055 が CIE 1931 色空間座標で定義：Red (helder vermiljoen) X=17.2 Y=9.0 Z=2.6、Blue (kobaltblauw) X=7.8 Y=6.8 Z=26.7。法定Pantoneなし — 186 C / 286 C は CIE→Pantone の最良近似。,../04_ai_cmyk/NL.ai,../03_svg_verified/NL.svg
NO,ノルウェー,Norway,8:11,Europe,Northern Europe,UN Member,"Red: 200 C / White: CMYK 0, 0, 0, 0 / Blue: 281 C","Standardized color specs (CMYK/HEX/RGB) to PANTONE Color Bridge values to prevent muddy K-channel output. Original notes: 法律は色を「深紅」(høirødt) と「暗青」(mørkeblått) とのみ定義。Nordic Council と旗製造業者の事実上の標準：Red 200 C, Blue 281 C — **両方確認** ✅。色名「Norwegian Red/Blue」→「Red/Blue」に簡略化。CMYK を標準変換値に修正。",../04_ai_cmyk/NO.ai,../03_svg_verified/NO.svg
NP,ネパール,Nepal,special (non-rectangular),Asia,Southern Asia,UN Member,"Crimson Red: 199 C / Blue: 661 C / White: CMYK 0, 0, 0, 0",**De jure に昇格**。世界唯一の非長方形国旗（二重三角ペナント）。憲法スケジュール1が精密な幾何学的作図法を提供。色は「crimson」と「deep blue」。**Crimson Red を 186 から 199 C に修正。Blue を 287 から 661 C に修正**。Shankar Nath Rimal (1962) が近代デザインを標準化。,../04_ai_cmyk/NP.ai,../03_svg_verified/NP.svg
NR,ナウル,Nauru,1:2,Oceania,Micronesia,UN Member,"Blue: 280 C / Yellow: 123 C / White: CMYK 0, 0, 0, 0","Standardized color specs (CMYK/HEX/RGB) to PANTONE Color Bridge values to prevent muddy K-channel output. Original notes: 1968年1月31日採用。暗青地に黄色い細帯（高さの1/12 = 赤道）。白い12芒星（12部族）が帯の下方ホイスト側（ナウルは赤道の1°南）。Blue 280 C, Yellow 123 C 確認。CMYK修正。「C」サフィックスを付与。",../04_ai_cmyk/NR.ai,../03_svg_verified/NR.svg
NU,ニウエ,Niue,1:2,Oceania,Polynesia,Territory,"Yellow: Yellow C / Blue: 280 C / White: CMYK 0, 0, 0, 0 / Red: 186 C","Standardized color specs (CMYK/HEX/RGB) to PANTONE Color Bridge values to prevent muddy K-channel output. Original notes: 1975年10月15日採用（Niue Flag Act 1975）。金黄色地にユニオンジャック（カントン内にダイヤモンド配置の4小星 = 南十字星／NZとの結びつき）、中央に青円盤上の大星（自治地位）。Yellow C, Blue 280 C, Red 186 C 確認。ノイズ「!」除去。",../04_ai_cmyk/NU.ai,../03_svg_verified/NU.svg
NZ,ニュージーランド,New Zealand,1:2,Oceania,Australia and New Zealand,UN Member,"Red: 186 C / Blue: 280 C / White: CMYK 0, 0, 0, 0","**De jure に昇格**。NZ文化遺産省（mch.govt.nz）が Red 186 C, Blue 280 C を指定 — **両方確認** ✅。ブルー・エンサインに赤い四芒南十字星（白フチ）。星サイズ: 5/60, 6/60, 6/60, 7/60（ホイスト比）。白フチ幅 = 1/120。「C」サフィックスを付与。ゴミ source 除去。",../04_ai_cmyk/NZ.ai,../03_svg_verified/NZ.svg
OM,オマーン,Oman,4:7,Asia,Western Asia,UN Member,"Red: 186 C / White: CMYK 0, 0, 0, 0 / Green: 347 C","Standardized color specs (CMYK/HEX/RGB) to PANTONE Color Bridge values to prevent muddy K-channel output. Original notes: Royal Decree 53/2004 が旗の規制を行う。**比率を 1:2 から 4:7 に修正**。ホイストの赤い縦帯に白い国章（ハンジャルとサイフ交差）。Red 186 C, Green 347 C 確認。「C」サフィックスを付与。",../04_ai_cmyk/OM.ai,../03_svg_verified/OM.svg
PA,パナマ,Panama,2:3,Americas,Central America,UN Member,"Blue: 295 C / Red: 187 C / White: CMYK 0, 0, 0, 0",**De jure に昇格**。2017年行政令337号が色を標準化。**Blue を 300 から 295 C に修正。Red を 186 から 187 C に修正** — 両方とも2017年法令が明確に指定。四分割旗：白+青星、赤、青、白+赤星。,../04_ai_cmyk/PA.ai,../03_svg_verified/PA.svg
PE,ペルー,Peru,2:3,Americas,South America,UN Member,"Red: 186 C / White: CMYK 0, 0, 0, 0",Standardized color specs (CMYK/HEX/RGB) to PANTONE Color Bridge values to prevent muddy K-channel output. Original notes: 憲法第49条が赤白赤の縦三色旗を定めるがPantone値は規定なし。市民旗（Bandera Nacional）は無紋、国旗（Pabellón Nacional）は白帯に国章。Red 186 C は最も広く引用される近似値として確認。「C」サフィックスを付与。,../04_ai_cmyk/PE.ai,../03_svg_verified/PE.svg
PF,フランス領ポリネシア,French Polynesia,2:3,Oceania,Polynesia,Territory,"Red: 185 C / White: CMYK 0, 0, 0, 0 / Blue: 286 C / Gold: 116 C",Standardized color specs (CMYK/HEX/RGB) to PANTONE Color Bridge values to prevent muddy K-channel output. Original notes: 1984年11月23日採用。赤白赤の横三色帯（1:2:1比率）に領土紋章（ポリネシアのピローグ＝カヌー、5人の人物 = 5つの諸島群、太陽、波）。**Red を 186 から 185 C に修正。Blue を 293 から 286 C に修正。Gold を 1375 から 116 C に修正**。ノイズ「!」除去。,../04_ai_cmyk/PF.ai,../03_svg_verified/PF.svg
PG,パプアニューギニア,Papua New Guinea,3:4,Oceania,Melanesia,UN Member,"Red: 186 C / Black: Black C / White: CMYK 0, 0, 0, 0 / Yellow: 116 C","Standardized color specs (CMYK/HEX/RGB) to PANTONE Color Bridge values to prevent muddy K-channel output. Original notes: 対角分割（上ホイスト→下フライ）：上赤三角に金色の極楽鳥（Kumul = 国家誕生）、下黒三角に白い南十字星5星。Red 186 C, Yellow 116 C 確認。Black 「Black」→「Black C」。「C」サフィックスを付与。ゴミ source 除去。",../04_ai_cmyk/PG.ai,../03_svg_verified/PG.svg
PH,フィリピン,Philippines,1:2,Asia,South-Eastern Asia,UN Member,"Blue: 286 C / Red: 193 C / White: CMYK 0, 0, 0, 0 / Golden Yellow: 122 C","**De jure に昇格**。RA 8491 が Cable Number System（米国色彩協会）で色を定義：Blue #80173, Red #80108, White #80001, Golden-Yellow #80068。Pantone近似：Blue 286 C, Red 193 C, Yellow 122 C — **全て確認** ✅。色名「Yellow」→「Golden Yellow」（公式呼称）。平和時は青が上、戦争時は赤が上。「C」サフィックスを付与。",../04_ai_cmyk/PH.ai,../03_svg_verified/PH.svg
PK,パキスタン,Pakistan,2:3,Asia,Southern Asia,UN Member,"Green: 343 C / White: CMYK 0, 0, 0, 0",「Parcham-e-Sitāra-o-Hilāl」（星と三日月の旗）。暗緑地（3/4）に白い縦帯（1/4、ホイスト）。白い三日月（進歩）と五芒星（光/知識）。Green 343 C 確認。HEX を 343 C 標準参照値に修正。「C」サフィックスを付与。,../04_ai_cmyk/PK.ai,../03_svg_verified/PK.svg
PL,ポーランド,Poland,5:8,Europe,Eastern Europe,UN Member,"White: CMYK 0, 0, 0, 0 / Red: 1795 C","**De jure に昇格**。1980年1月31日法（Ustawa o godle, barwach i hymnie）附則2が CIE 1931 xyY 座標で定義：White x=0.315 y=0.320 Y=82.0 ΔE≤4.0、Red x=0.570 y=0.305 Y=16.0 ΔE≤8.0。法定Pantoneなし — 1795 C が近似値として確認。横二色旗（白が上、赤が下）。色順序を修正（White first）。White CMYK 補填。",../04_ai_cmyk/PL.ai,../03_svg_verified/PL.svg
PM,サンピエール島・ミクロン島,Saint Pierre and Miquelon,2:3,Americas,Northern America,Territory,"Blue: 072 C / White: CMYK 0, 0, 0, 0 / Red: 485 C","**空データから完全に新規作成**。フランス海外準県として公式旗はフランス三色旗。NF X 08002: Blue = 072 C, Red = 485 C。非公式地方旗（1982年、Grande Hermine号 + バスク・ブルターニュ・ノルマンディーの3パネル）は法的地位なし。",../04_ai_cmyk/PM.ai,../03_svg_verified/PM.svg
PN,ピトケアン諸島,Pitcairn Islands,1:2,Oceania,Polynesia,Territory,"Blue: 280 C / Red: 186 C / White: CMYK 0, 0, 0, 0 / Green: 364 C / Yellow: 107 C","Standardized color specs (CMYK/HEX/RGB) to PANTONE Color Bridge values to prevent muddy K-channel output. Original notes: 1984年4月2日採用。ブルー・エンサインにピトケアン紋章（1969年11月4日Royal Warrant）。紋章: HMS Bountyの聖書と錨、手押し車とミロの木。Blue 280 C, Red 186 C 確認。紋章色 Green 364 C, Yellow 107 C 維持。**8色→5色に整理**（Light Blue, Black, Grey等の紋章細部色を除去）。ノイズ「!」除去。",../04_ai_cmyk/PN.ai,../03_svg_verified/PN.svg
PR,プエルトリコ,Puerto Rico,2:3,Americas,Caribbean,Territory,"Red: 032 C / White: CMYK 0, 0, 0, 0 / Blue: 281 C",Standardized color specs (CMYK/HEX/RGB) to PANTONE Color Bridge values to prevent muddy K-channel output. Original notes: 1952年コモンウェルス公式旗。法的Pantone規定なし。5本横帯（赤3白2）にホイスト側の青い正三角形（白い五芒星）。**青の濃淡が歴史的に議論**: 1952年のダーク（281 C、合衆国旗に合わせる）vs 1895年のライト（独立運動）。ダーク 281 C を現行公式版として維持。Red 032 C 確認。「C」サフィックスを付与。,../04_ai_cmyk/PR.ai,../03_svg_verified/PR.svg
PS,パレスチナ,Palestine,1:2,Asia,Western Asia,UN Observer,"Black: Black C / White: CMYK 0, 0, 0, 0 / Green: 355 C / Red: 032 C","Standardized color specs (CMYK/HEX/RGB) to PANTONE Color Bridge values to prevent muddy K-channel output. Original notes: PLO 1964年採用、パレスチナ国 1988年採用。汎アラブ色（1916年アラブ反乱旗由来）。三色帯（黒白緑）に赤い三角（ホイスト、旗長の1/3）。公式Pantone標準なし。Red 032 C, Green 355 C 確認。Black「Black」→「Black C」。色順序修正（Black first = 上）。「C」サフィックスを付与。",../04_ai_cmyk/PS.ai,../03_svg_verified/PS.svg
PT,ポルトガル,Portugal,2:3,Europe,Southern Europe,UN Member,"Green: 349 C / Red: 485 C / Yellow: 803 C / Blue: 288 C / White: CMYK 0, 0, 0, 0 / Black: Black C","Standardized color specs (CMYK/HEX/RGB) to PANTONE Color Bridge values to prevent muddy K-channel output. Original notes: 1911年6月30日法令が定性的に定義: 「verde escuro」（暗緑）と「escarlate」（スカーレット）。Pantone規定なし。縦分割: 緑 2/5（ホイスト）+ 赤 3/5（フライ）に紋章（ポルトガル盾＝quinas + 天球儀）。Green 349 C, Red 485 C, Yellow 803 C, Blue 288 C — 全て確認。Black「Black」→「Black C」。White CMYK 補填。ゴミ source 除去。",../04_ai_cmyk/PT.ai,../03_svg_verified/PT.svg
PW,パラオ,Palau,5:8,Oceania,Micronesia,UN Member,Blue: Process Blue C / Yellow: 109 C,"Standardized color specs (CMYK/HEX/RGB) to PANTONE Color Bridge values to prevent muddy K-channel output. Original notes: 水色の地に金色の円盤（満月）がホイスト寄りにオフセンター。**比率を 3:5 から 5:8 に修正**。Process Blue C, Yellow 109 C は London 2012 値として確認（Beijing 2008: 292/102, Album 2000: 299/101 と異なる）。「C」サフィックスを付与。",../04_ai_cmyk/PW.ai,../03_svg_verified/PW.svg
PY,パラグアイ,Paraguay,3:5,Americas,South America,UN Member,"Red: 032 C / White: CMYK 0, 0, 0, 0 / Blue: 286 C / Yellow: Yellow C / Black: Black C / Green: 355 C","世界唯一の表裏異デザイン国旗。表: 国章（星、椰子/オリーブ花輪、'REPÚBLICA DEL PARAGUAY'）、裏: 国庫章（獅子、フリジア帽、'PAZ Y JUSTICIA'）。Decreto 11,400 (2013) は**紋章色のみ**を規定（Red 485 C, Yellow C, Green 355 C, Brown 478 C, Ochre 4505 C, Black C）— 帯色は「原色」とだけ記述。**Yellow を 102 から Yellow C に修正**。Black「Black」→「Black C」。",../04_ai_cmyk/PY.ai,../03_svg_verified/PY.svg
QA,カタール,Qatar,11:28,Asia,Western Asia,UN Member,"Maroon: 1955 C / White: CMYK 0, 0, 0, 0",**De jure に昇格**。🚨 **Maroon を 222 から 1955 C に修正** — 「Qatar Maroon」が現行公式標準（222 C は旧出版物で引用されていた古い値）。比率 11:28（世界でも珍しい超横長）。白帯（ホイスト）とマルーン地（フライ）の間に9個の鋸歯（1916年カタール・英国条約の「第9の和解首長国」）。CMYK修正。,../04_ai_cmyk/QA.ai,../03_svg_verified/QA.svg
RE,レユニオン,Réunion,2:3,Africa,Eastern Africa,Territory,"Blue: 072 C / White: CMYK 0, 0, 0, 0 / Red: 485 C","フランス海外県・地域圏。フランス三色旗。Blue 072 C, Red 485 C — **両方確認** ✅。ゴミ notes 除去。",../04_ai_cmyk/RE.ai,../03_svg_verified/RE.svg
RO,ルーマニア,Romania,2:3,Europe,Eastern Europe,UN Member,Cobalt Blue: 280 C / Chrome Yellow: 116 C / Vermilion Red: 186 C,"**De jure に昇格**。法律75/1994号が2023年改正でPantone/CMYK/RGB値を法定化。歴史的色名: コバルトブルー (albastru cobalt)、クロムイエロー (galben crom)、バーミリオンレッド (roșu vermillon)。Blue 280 C, Yellow 116 C, Red 186 C — **全て確認** ✅。縦三色旗: 青（ホイスト）黄（中央）赤（フライ）。",../04_ai_cmyk/RO.ai,../03_svg_verified/RO.svg
RS,セルビア,Serbia,2:3,Europe,Southern Europe,UN Member,"Red: 193 C / Blue: 287 C / White: CMYK 0, 0, 0, 0",Standardized color specs (CMYK/HEX/RGB) to PANTONE Color Bridge values to prevent muddy K-channel output. Original notes: 三色帯（赤青白）、国旗版は紋章付き（ホイストから旗長の1/7）。**Red を 192 から 193 C に修正。Blue を 280 から 287 C に修正**。CMYK修正。「C」サフィックスを付与。,../04_ai_cmyk/RS.ai,../03_svg_verified/RS.svg
RU,ロシア,Russia,2:3,Europe,Eastern Europe,UN Member,"White: CMYK 0, 0, 0, 0 / Blue: 286 C / Red: 485 C",Standardized color specs (CMYK/HEX/RGB) to PANTONE Color Bridge values to prevent muddy K-channel output. Original notes: 連邦憲法法が白青赤の三色帯を定めるが正確な色調は規定なし（GOST基準も不在）。**Blue を 293 C から 286 C に修正** — 政府調達仕様の標準。Red 485 C 確認。HEX を標準 Pantone 参照値に修正。,../04_ai_cmyk/RU.ai,../03_svg_verified/RU.svg
RW,ルワンダ,Rwanda,2:3,Africa,Eastern Africa,UN Member,Blue: 3005 C / Gold: 130 C / Yellow: 109 C / Green: 3415 C,"法34/2008号がデザインを定義するがPantone未規定。三色帯: 青（上半分、フライ上部に金色の太陽24条）、黄（下1/4）、緑（底1/4）。Blue 3005 C, Gold 130 C（太陽）, Yellow 109 C（帯）, Green 3415 C 確認。RAL参照（6029, 1023）も併記。Beijing 2008 と London 2012 の差異あり。",../04_ai_cmyk/RW.ai,../03_svg_verified/RW.svg
SA,サウジアラビア,Saudi Arabia,2:3,Asia,Western Asia,UN Member,"Green: 3425 C / White: CMYK 0, 0, 0, 0",**De jure に昇格**。🚨 **Green を 355 から 3425 C に修正** — 公式政府ガイダンスが指定するより暗い特定色（355 C は一般的な緑で不正確）。HEX #165D31→#005430、RGB、CMYK全て修正。シャハーダ（スルス書体）と剣は白。旗は常に両面同一（鏡像製造）。半旗掲揚不可（聖句への敬意）。,../04_ai_cmyk/SA.ai,../03_svg_verified/SA.svg
SB,ソロモン諸島,Solomon Islands,1:2,Oceania,Melanesia,UN Member,"Blue: 300 C / Green: 355 C / Yellow: 116 C / White: CMYK 0, 0, 0, 0",Standardized color specs (CMYK/HEX/RGB) to PANTONE Color Bridge values to prevent muddy K-channel output. Original notes: 1977年11月18日採用。対角黄帯（下ホイスト→上フライ）で分割: 青三角（上、白い5星=主要島嶼群）、緑三角（下、肥沃な大地）。**Yellow を 123 から 116 C に修正**。CMYK修正。色順序再整理。,../04_ai_cmyk/SB.ai,../03_svg_verified/SB.svg
SC,セーシェル,Seychelles,1:2,Africa,Eastern Africa,UN Member,"Blue: 294 C / Yellow: 122 C / Red: 1795 C / White: CMYK 0, 0, 0, 0 / Green: 356 C","Standardized color specs (CMYK/HEX/RGB) to PANTONE Color Bridge values to prevent muddy K-channel output. Original notes: 1996年6月18日採用。左下隅から放射する5本の斜帯（青・黄・赤・白・緑）。Blue 294 C, Yellow 122 C, Red 1795 C, Green 356 C — **全て確認** ✅。「C」サフィックスを付与。",../04_ai_cmyk/SC.ai,../03_svg_verified/SC.svg
SD,スーダン,Sudan,1:2,Africa,Northern Africa,UN Member,"Red: 032 C / White: CMYK 0, 0, 0, 0 / Black: Black C / Green: 355 C","Standardized color specs (CMYK/HEX/RGB) to PANTONE Color Bridge values to prevent muddy K-channel output. Original notes: 1970年5月20日採用。汎アラブ色。三色帯（赤白黒）にホイスト側の緑い等辺三角形（底辺=旗幅、高さ=旗長の1/3）。Red 032 C, Green 355 C 確認。Black「Black」→「Black C」。「C」サフィックスを付与。",../04_ai_cmyk/SD.ai,../03_svg_verified/SD.svg
SE,スウェーデン,Sweden,5:8,Europe,Northern Europe,UN Member,Blue: 301 C / Yellow: 116 C,"**De jure に昇格**。NCS で法定: Blue = NCS 4055-R95B, Yellow = NCS 0580-Y10R。🚨 **重大バグ修正: Blue が「201 C」（赤色のPantone値!）と記録されていた → 301 C に修正**。Yellow 116 C 確認。ノイズ「✓」除去。Proportions: 5:2:9 × 4:2:4。",../04_ai_cmyk/SE.ai,../03_svg_verified/SE.svg
SG,シンガポール,Singapore,2:3,Asia,South-Eastern Asia,UN Member,"Red: 032 C / White: CMYK 0, 0, 0, 0",**De jure に昇格**。2022年法（旧Singapore Arms and Flag and National Anthem Act を代替）。赤白二色帯、上部カントンに白い三日月（若い国の上昇）と五芒星5個（民主・平和・進歩・正義・平等）。Red 032 C 確認。ゴミ source 除去。,../04_ai_cmyk/SG.ai,../03_svg_verified/SG.svg
SH,セントヘレナ・アセンションおよびトリスタンダクーニャ,"Saint Helena, Ascension and Tristan da Cunha",1:2,Africa,Western Africa,Territory,"Blue: 280 C / Red: 186 C / White: CMYK 0, 0, 0, 0",Standardized color specs (CMYK/HEX/RGB) to PANTONE Color Bridge values to prevent muddy K-channel output. Original notes: **空データから完全に新規作成**。1984年10月4日 Royal Warrant。ブルー・エンサインにフライの紋章盾（白円盤なし）: 上部にワイヤーバード（固有種セントヘレナチドリ）、下部に三本マスト帆船と岩壁。2019年にワイヤーバードの正確性のため紋章改訂。,../04_ai_cmyk/SH.ai,../03_svg_verified/SH.svg
SI,スロベニア,Slovenia,1:2,Europe,Southern Europe,UN Member,"White: CMYK 0, 0, 0, 0 / Blue: 286 C / Red: 185 C / Yellow: 116 C","**De jure に昇格**。gov.si が公式CMYK値を公開: Blue C100 M60 Y0 K10, Red C0 M100 Y100 K0, Yellow C0 M10 Y100 K0。**Blue を 293 から 286 C に修正。Red を 199 から 185 C に修正**（公式CMYKとの整合性）。横三色帯（白青赤）。紋章: Marko Pogačnik作、トリグラウ山（白い三峰）+ 波線2本（海/河川）+ ツェリェ伯の金色六芒星3個。",../04_ai_cmyk/SI.ai,../03_svg_verified/SI.svg
SJ,スヴァールバル諸島およびヤンマイエン島,Svalbard and Jan Mayen,8:11,Europe,Northern Europe,Territory,"Red: 200 C / White: CMYK 0, 0, 0, 0 / Blue: 281 C",Standardized color specs (CMYK/HEX/RGB) to PANTONE Color Bridge values to prevent muddy K-channel output. Original notes: ノルウェーの領土（スヴァールバル条約に基づく管轄）であり、固有の旗は存在しない。公式にはノルウェー国旗を使用する。カラー仕様はNO（ノルウェー）エントリと同一。,../04_ai_cmyk/SJ.ai,../03_svg_verified/SJ.svg
SK,スロバキア,Slovakia,2:3,Europe,Eastern Europe,UN Member,"White: CMYK 0, 0, 0, 0 / Blue: 286 C / Red: 186 C",憲法第9条と法63/1993号がデザインを定義（Pantone値は未規定）。汎スラヴ三色旗（白青赤）にロシア旗との区別のため紋章追加（銀色の二重十字が三峰の山上に立つ赤い盾）。**Blue を 293 から 286 C に修正。Red を 032 から 186 C に修正**。CMYK修正。,../04_ai_cmyk/SK.ai,../03_svg_verified/SK.svg
SL,シエラレオネ,Sierra Leone,2:3,Africa,Western Africa,UN Member,"Green: 361 C / White: CMYK 0, 0, 0, 0 / Blue: 300 C",Standardized color specs (CMYK/HEX/RGB) to PANTONE Color Bridge values to prevent muddy K-channel output. Original notes: 横三色帯: 緑（天然資源/山地/農業）白（統一/正義）青（フリータウン港/世界平和）。Green 361 C 確認。**Blue を 292 から 300 C に修正**（Album des Pavillons 1990基準）。CMYK修正。,../04_ai_cmyk/SL.ai,../03_svg_verified/SL.svg
SM,サンマリノ,San Marino,3:4,Europe,Southern Europe,UN Member,"White: CMYK 0, 0, 0, 0 / Light Blue: 2915 C",横二色帯（白+水色）。国旗版は紋章付（ティターノ山3峰+3塔、冠、月桂/樫花輪、'LIBERTAS'）。比率3:4（国際的には2:3も使用）。Light Blue 2915 C 確認。「C」サフィックスを付与。,../04_ai_cmyk/SM.ai,../03_svg_verified/SM.svg
SN,セネガル,Senegal,2:3,Africa,Western Africa,UN Member,Green: 354 C / Yellow: 116 C / Red: 186 C,憲法が定義。縦三色旗: 緑（ホイスト）・金（中央、緑の五芒星）・赤（フライ）。汎アフリカ色。**Green を 355 から 354 C に修正。Yellow を 109 から 116 C に修正。Red を 032 から 186 C に修正** — 3色全て修正。,../04_ai_cmyk/SN.ai,../03_svg_verified/SN.svg
SO,ソマリア,Somalia,2:3,Africa,Eastern Africa,UN Member,"Light Blue: 277 C / White: CMYK 0, 0, 0, 0","1954年10月12日採用。水色地に白い五芒星（「統一の星」= ソマリ人5地域: ソマリア, ソマリランド, ジブチ, オガデン/エチオピア, NEP/ケニア）。水色は国連旗へのオマージュ（国連信託統治1950-1960）。Light Blue 277 C 確認（Beijing 2008 & London 2012一致）。CMYK修正。「C」サフィックスを付与。",../04_ai_cmyk/SO.ai,../03_svg_verified/SO.svg
SR,スリナム,Suriname,2:3,Americas,South America,UN Member,"Green: 356 C / White: CMYK 0, 0, 0, 0 / Red: 186 C / Yellow: 116 C","Standardized color specs (CMYK/HEX/RGB) to PANTONE Color Bridge values to prevent muddy K-channel output. Original notes: 1975年11月25日採用。5帯（緑白赤白緑、比2:1:4:1:2）に黄色の五芒星。Green 356 C, Red 186 C, Yellow 116 C — **全て確認** ✅（London 2012一致）。CMYK修正。",../04_ai_cmyk/SR.ai,../03_svg_verified/SR.svg
SS,南スーダン,South Sudan,1:2,Africa,Eastern Africa,UN Member,"Black: Black C / Red: 186 C / Green: 348 C / White: CMYK 0, 0, 0, 0 / Blue: 298 C / Yellow: 116 C",2023年8月25日に南スーダン・メディア庁（Media Authority）が発行した公式アドバイザリーに基づき、青を公式なライトブルー（Pantone 298 C）に統一。あわせて、赤（186 C）、緑（348 C）、黄（116 C）についても、公式なデジタル/印刷仕様値（HEX、RGB、CMYK）を正しく適用し、SVGおよびAIファイル間での色ズレを完全に解消。,../04_ai_cmyk/SS.ai,../03_svg_verified/SS.svg
ST,サントメ・プリンシペ,São Tomé and Príncipe,1:2,Africa,Middle Africa,UN Member,Green: 355 C / Yellow: 116 C / Black: Black C / Red: 186 C,憲法がデザインを定義（Pantone未規定）。三色帯（緑黄緑、幅比1:1.5:1）にホイスト赤三角、黄帯に黒い五芒星2個。**Yellow を 109 から 116 C に修正。Red を 032 から 186 C に修正**。Black「Black」→「Black C」。CMYK修正。,../04_ai_cmyk/ST.ai,../03_svg_verified/ST.svg
SV,エルサルバドル,El Salvador,189:335,Americas,Central America,UN Member,"Blue: 300 C / White: CMYK 0, 0, 0, 0 / Yellow: 116 C / Black: Black C / Green: 348 C",Standardized color specs (CMYK/HEX/RGB) to PANTONE Color Bridge values to prevent muddy K-channel output. Original notes: Bandera Magna 比率 189:335（3.35m × 1.89m）。他: 市民旗 3:5、パレード旗 18:29。青白青の三帯に国章。Blue 300 C 確認。**Yellow を 102 から 116 C に修正**。紋章の Red は基本旗色ではないため除去。Black「Black」→「Black C」。Green 348 C 確認。,../04_ai_cmyk/SV.ai,../03_svg_verified/SV.svg
SX,シント・マールテン,Sint Maarten (Dutch part),2:3,Americas,Caribbean,Territory,"Red: 186 C / White: CMYK 0, 0, 0, 0 / Blue: 286 C","Standardized color specs (CMYK/HEX/RGB) to PANTONE Color Bridge values to prevent muddy K-channel output. Original notes: **空データから完全に新規作成**。1985年6月13日採用。赤青の二色帯（赤が上）にホイスト側白三角、中央に紋章（フィリプスバーグ裁判所、蘭仏友好碑、黄セージ花束、ペリカン）。Red 186 C, Blue 286 C。",../04_ai_cmyk/SX.ai,../03_svg_verified/SX.svg
SY,シリア,Syria,2:3,Asia,Western Asia,UN Member,"Green: 354 C / White: CMYK 0, 0, 0, 0 / Red: 186 C / Black: Black C",Standardized color specs (CMYK/HEX/RGB) to PANTONE Color Bridge values to prevent muddy K-channel output. Original notes: 現行旗（独立旗）: 三色帯（緑白黒）に赤い五芒星3個（2025年憲法改正）。汎アラブ色。**Green を 7726 C から 354 C に修正**。Red 186 C 確認。Black「Black」→「Black C」、CMYK 75/68/67/90→0/0/0/100修正。,../04_ai_cmyk/SY.ai,../03_svg_verified/SY.svg
SZ,エスワティニ,Eswatini,2:3,Africa,Southern Africa,UN Member,"Blue: 638 C / Yellow: 102 C / Red: 199 C / Black: Black C / White: CMYK 0, 0, 0, 0","1968年10月6日採用。5帯（青黄赤黄青、比3:1:8:1:3）。中央赤帯にンクニ牛革の盾（白黒）、杖（インジョボ羽飾り）、交差する2本の槍。**London 2012 Flags & Anthems Manual準拠に修正**（Blue 542→638 C, Yellow 116→102 C, Red 186→199 C）。gov.sz公式サイト画像（flag.png, SWAZI FLAG.jpg）ともクロスチェック済。旧HEXはPantone標準変換と不一致（#3E5EB9≠542C, #B10202≠186C）であった問題も解消。",../04_ai_cmyk/SZ.ai,../03_svg_verified/SZ.svg
TC,タークス・カイコス諸島,Turks and Caicos Islands,1:2,Americas,Caribbean,Territory,"Blue: 280 C / Red: 186 C / White: CMYK 0, 0, 0, 0 / Yellow: 116 C / Green: 348 C",Standardized color specs (CMYK/HEX/RGB) to PANTONE Color Bridge values to prevent muddy K-channel output. Original notes: British Blue Ensign。紋章（巻き貝、フラミンゴ、ターキーヘッド・サボテン）。**Yellow を 115 から 116 C に修正。Green を 7482 C から 348 C に修正**。White の無効Pantone「N. A.」除去。ノイズ「!」を全色から除去。,../04_ai_cmyk/TC.ai,../03_svg_verified/TC.svg
TD,チャド,Chad,2:3,Africa,Middle Africa,UN Member,Blue: 281 C / Yellow: 116 C / Red: 186 C,"1959年11月6日採用、1962年憲法で制定。縦三色旗: 藍（左）黄（中）赤（右）。**ルーマニアとほぼ同一** — チャドの青はより暗い藍色（281 C vs ルーマニア 280 C）。Blue 281 C, Yellow 116 C, Red 186 C 全て確認 ✅。「C」サフィックスを付与。",../04_ai_cmyk/TD.ai,../03_svg_verified/TD.svg
TF,フランス領南方・南極地域,French Southern Territories,2:3,Africa,Eastern Africa,Territory,"Blue: 072 C / White: CMYK 0, 0, 0, 0 / Red: 485 C",フランスの海外領土であり、公式旗はフランス三色旗（Tricolore）を使用する。カラー仕様はFR（フランス）エントリのNF X 08002規格に準拠。独自の領土旗（青地に白い「TAAF」の文字と紋章）は非公式。,../04_ai_cmyk/TF.ai,../03_svg_verified/TF.svg
TG,トーゴ,Togo,1:1.618,Africa,Western Africa,UN Member,"Green: 354 C / Yellow: 116 C / Red: 186 C / White: CMYK 0, 0, 0, 0",Standardized color specs (CMYK/HEX/RGB) to PANTONE Color Bridge values to prevent muddy K-channel output. Original notes: Paul Ahyi デザイン。**比率を「golden ratio」から「1:1.618」（φ）に正規化**（実務的には3:5も使用）。5帯（緑黄交互、3緑+2黄）に赤い正方形カントン（白い五芒星）。**Green を 355 から 354 C に修正。Yellow を 109 から 116 C に修正。Red を 032 から 186 C に修正** — 3色全て修正。CMYK修正。,../04_ai_cmyk/TG.ai,../03_svg_verified/TG.svg
TH,タイ,Thailand,2:3,Asia,South-Eastern Asia,UN Member,"Red: 186 C / White: CMYK 0, 0, 0, 0 / Blue: 281 C",**De jure に昇格**。1917年ラーマ6世勅令→1979年国旗法→**2017年CIELAB D65標準**（首相府告示、世界でも珍しい色空間の法定化）。トング・トライロング（ธงไตรรงค์）: 5帯（赤白青白赤、比1:1:2:1:1）。赤=国民/血、白=宗教/仏教、藍=王室（ラーマ6世の金曜日の吉色）。**Red を 032 から 186 C に修正**。Blue 281 C 確認。,../04_ai_cmyk/TH.ai,../03_svg_verified/TH.svg
TJ,タジキスタン,Tajikistan,1:2,Asia,Central Asia,UN Member,"Red: 192 C / White: CMYK 0, 0, 0, 0 / Green: 348 C / Yellow: 115 C",Standardized color specs (CMYK/HEX/RGB) to PANTONE Color Bridge values to prevent muddy K-channel output. Original notes: 1992年11月24日採用。水平三色帯（赤白緑、幅比2:3:2）。白帯中央に金冠+七星アーチ。**Green を 355 から 348 C に修正。Yellow を 109 から 115 C に修正**。Red 192 C 確認。CMYK修正。「C」サフィックスを付与。,../04_ai_cmyk/TJ.ai,../03_svg_verified/TJ.svg
TK,トケラウ,Tokelau,1:2,Oceania,Polynesia,Territory,"Blue: 280 C / Yellow: 109 C / White: CMYK 0, 0, 0, 0","Standardized color specs (CMYK/HEX/RGB) to PANTONE Color Bridge values to prevent muddy K-channel output. Original notes: 2009年9月7日 Royal Warrant で採用。NZ依存領域。青地にホイスト方向へ航行する黄色のトケラウ・カヌー（va'a）、ホイスト側に白い南十字星4星。Blazon: 'Azure a Tokelau Canoe Or...'。Blue 280 C, Yellow 109 C 確認。White の無効Pantone「N. A.」除去。ノイズ「!」除去。",../04_ai_cmyk/TK.ai,../03_svg_verified/TK.svg
TL,東ティモール,Timor-Leste,1:2,Asia,South-Eastern Asia,UN Member,"Red: 485 C / Yellow: 123 C / Black: Black C / White: CMYK 0, 0, 0, 0","**De jure に昇格**。赤地に2つの重なる二等辺三角形（黒=ホイスト底辺、高さ=旗長の1/3）（黄=高さ=旗長の1/2）。黒三角内に白い五芒星。Red 485 C（186 Cとも引用）, Yellow 123 C 確認。Black「Black 6 C」→「Black C」。White「N. A.」除去。ノイズ「!」除去。",../04_ai_cmyk/TL.ai,../03_svg_verified/TL.svg
TM,トルクメニスタン,Turkmenistan,2:3,Asia,Central Asia,UN Member,"Green: 348 C / Red: 187 C / White: CMYK 0, 0, 0, 0 / Yellow: 123 C",Standardized color specs (CMYK/HEX/RGB) to PANTONE Color Bridge values to prevent muddy K-channel output. Original notes: 大統領令PP-3051参照。緑地にホイスト近くの垂直赤帯（5つの絨毯グル=5部族）上に交差オリーブ枝（永世中立）。白い三日月+白い5星（5州）。世界で最も複雑なデザインの国旗。**Green を 355 から 348 C に修正。Red を 179 から 187 C に修正。Yellow を「N.A」から 123 C に修正**。White「White」除去。CMYK修正。,../04_ai_cmyk/TM.ai,../03_svg_verified/TM.svg
TN,チュニジア,Tunisia,2:3,Africa,Northern Africa,UN Member,"Red: 186 C / White: CMYK 0, 0, 0, 0",**De jure に昇格**。法99-56号が精密な幾何学的構築規則を提供（白円盤直径=旗長の1/3、星中心オフセット=旗長の1/30等）。Red 186 C 確認。「C」サフィックスを付与。ゴミ文字列除去。,../04_ai_cmyk/TN.ai,../03_svg_verified/TN.svg
TO,トンガ,Tonga,1:2,Oceania,Polynesia,UN Member,"Red: 186 C / White: CMYK 0, 0, 0, 0",**De jure に昇格**。1875年憲法§47: 「ジョージ王の旗は決して変更されない」。赤地に白カントン（赤いギリシャ十字）。**Red を 032 から 186 C に修正**（Album des Pavillons 2023基準）。HEX修正。CMYK修正。「C」サフィックスを付与。,../04_ai_cmyk/TO.ai,../03_svg_verified/TO.svg
TR,トルコ,Türkiye,2:3,Asia,Western Asia,UN Member,"Red: 186 C / White: CMYK 0, 0, 0, 0",**De jure に昇格**。法2893号（1983年、1936年法2994号を置換）+ TSE（トルコ標準化機構）製造基準。幾何学構築: 三日月外円直径=G/2、内円=0.4G、星円=G/4。Red 186 C 確認。**HEX を #C8102E から #E30A17 に修正**（複数ソースで一致するトルコ公式赤）。CMYK修正。,../04_ai_cmyk/TR.ai,../03_svg_verified/TR.svg
TT,トリニダード・トバゴ,Trinidad and Tobago,3:5,Americas,Caribbean,UN Member,"Red: 186 C / Black: Black C / White: CMYK 0, 0, 0, 0",Standardized color specs (CMYK/HEX/RGB) to PANTONE Color Bridge values to prevent muddy K-channel output. Original notes: 1962年採用。比率3:5。赤地に白縁黒斜帯（上ホイスト→下フライ、帯幅=旗長の1/5、白:黒:白=1:4:1）。Red 186 C 確認。Black「Black」→「Black C」。CMYK修正。,../04_ai_cmyk/TT.ai,../03_svg_verified/TT.svg
TV,ツバル,Tuvalu,1:2,Oceania,Polynesia,UN Member,"Light Blue: 279 C / Blue: 280 C / Red: 186 C / White: CMYK 0, 0, 0, 0 / Yellow: 116 C","Standardized color specs (CMYK/HEX/RGB) to PANTONE Color Bridge values to prevent muddy K-channel output. Original notes: 1978年10月1日独立時採用。Vione Natano デザイン。水色エンサインにユニオンジャック + フライ側に黄色の九星（9島の地理的配置を反映）。1995-1997年に一時別旗を使用後復活。**Light Blue 279 C, Blue 280 C, Red 186 C, Yellow 116 C — 全て確認** ✅。「C」サフィックスを付与。",../04_ai_cmyk/TV.ai,../03_svg_verified/TV.svg
TW,台湾,Taiwan,2:3,Asia,Eastern Asia,Special,"Red: 2347 C / Blue: 2738 C / White: CMYK 0, 0, 0, 0","**De jure に昇格**。中華民國國徽國旗法（1928年制定、改正）。「青天白日滿地紅」。赤地に藍カントン（白い12光条の太陽、各30°）。法はPantoneを規定せず。内政部がCMYK参照値を提供（Red: 0/100/100/0）。Red 2347 C, Blue 2738 C はPantone+系の値（純赤・深藍に合致）、維持。White「N. A.」除去。ノイズ「!」除去。",../04_ai_cmyk/TW.ai,../03_svg_verified/TW.svg
TZ,タンザニア,Tanzania,2:3,Africa,Eastern Africa,UN Member,Green: 361 C / Yellow: 116 C / Black: Black C / Blue: 299 C,"Standardized color specs (CMYK/HEX/RGB) to PANTONE Color Bridge values to prevent muddy K-channel output. Original notes: 1964年6月30日採用。対角デザイン: 黒帯（黄縁）が下ホイスト→上フライ、上三角=緑、下三角=青。タンガニーカ+ザンジバル連合を表現。**Green 361 C, Yellow 116 C, Blue 299 C — 全て確認** ✅。Black「Black」→「Black C」。CMYK修正。",../04_ai_cmyk/TZ.ai,../03_svg_verified/TZ.svg
UA,ウクライナ,Ukraine,2:3,Europe,Eastern Europe,UN Member,Blue: 2935 C / Yellow: 012 C,**De jure に昇格**。DSTU 4512:2006（国家技術標準）が公式色を定義。Blue 2935 C 確認。**Yellow を「Yellow」（無効なPantone名）から 012 C に修正** — DSTU 4512:2006準拠。HEX修正。重要な修正。,../04_ai_cmyk/UA.ai,../03_svg_verified/UA.svg
UG,ウガンダ,Uganda,2:3,Africa,Eastern Africa,UN Member,"Black: Black C / Yellow: 116 C / Red: 186 C / White: CMYK 0, 0, 0, 0 / Grey: 430 C",Standardized color specs (CMYK/HEX/RGB) to PANTONE Color Bridge values to prevent muddy K-channel output. Original notes: 1962年10月9日採用。6帯（黒黄赤×2）、中央に白円盤（ハイイロカンムリヅル）。**Yellow を 109 から 116 C に修正。Red を 032 から 186 C に修正**。Black「Black」→「Black C」。White を追加（円盤）。Grey 430 C 確認。色順序修正。,../04_ai_cmyk/UG.ai,../03_svg_verified/UG.svg
UM,合衆国領有小離島,United States Minor Outlying Islands,10:19,Oceania,Micronesia,Territory,"Old Glory Red: 193 C / White: CMYK 0, 0, 0, 0 / Old Glory Blue: 281 C",アメリカ合衆国の非法人非自治領であり、固有の旗は存在しない。公式にはアメリカ合衆国旗（星条旗）を使用する。カラー仕様はUS（アメリカ合衆国）エントリと同一。,../04_ai_cmyk/UM.ai,../03_svg_verified/UM.svg
US,アメリカ合衆国,United States,10:19,Americas,Northern America,UN Member,"Old Glory Red: 193 C / White: CMYK 0, 0, 0, 0 / Old Glory Blue: 281 C","**De jure に昇格**。EO 10834（アイゼンハワー、1959年）= 50星デザイン・比率。DDD-F-416F = 色定義（Standard Color Reference of Americaの繊維ケーブル番号、Pantoneではない）。比率 10:19。**Old Glory Red 193 C, Old Glory Blue 281 C** — 広く引用されるPantone近似値として確認（法的拘束力はケーブル番号側にあり）。「C」サフィックスを付与。",../04_ai_cmyk/US.ai,../03_svg_verified/US.svg
UY,ウルグアイ,Uruguay,2:3,Americas,South America,UN Member,"Blue: Reflex Blue C / White: CMYK 0, 0, 0, 0 / Yellow: 116 C / Brown: 731 C",Pabellón Nacional: 9帯（白5+青4）。白カントンに五月の太陽（16光条: 直線8本+波線8本）。法はPantoneを規定せず。Blue = Reflex Blue C（295 Cとも引用）。Yellow 116 C = 太陽本体。Brown 731 C = 太陽顔面詳細。「C」サフィックスを付与。,../04_ai_cmyk/UY.ai,../03_svg_verified/UY.svg
UZ,ウズベキスタン,Uzbekistan,1:2,Asia,Central Asia,UN Member,"Blue: 285 C / Red: 485 C / White: CMYK 0, 0, 0, 0 / Green: 361 C","Standardized color specs (CMYK/HEX/RGB) to PANTONE Color Bridge values to prevent muddy K-channel output. Original notes: 三色帯（青白緑）に赤い縁帯2本。上部ホイストに白い三日月+12白星（12州/月）。公式Pantone未規定。Blue 285 C, Red 485 C, Green 361 C 維持。「C」サフィックスを付与。",../04_ai_cmyk/UZ.ai,../03_svg_verified/UZ.svg
VA,バチカン市国,Holy See,1:1,Europe,Southern Europe,UN Observer,"Yellow: 116 C / White: CMYK 0, 0, 0, 0 / Red: 186 C","Standardized color specs (CMYK/HEX/RGB) to PANTONE Color Bridge values to prevent muddy K-channel output. Original notes: 正方形旗（1:1、スイスと共に世界で2つのみ）。縦二色帯（黄+白）。白帯に聖座紋章（聖ペトロの天国の鍵2本交差+教皇冠）。**Yellow を 803 C（蛍光色！）から 116 C に修正。Red を 711 C から 186 C に修正** — Album des Pavillons準拠。紋章レンダリング詳細色（Dark Yellow, Light Grey, Grey, Gold）は基本旗色ではないため除去。ノイズ除去。",../04_ai_cmyk/VA.ai,../03_svg_verified/VA.svg
VC,セントビンセントおよびグレナディーン諸島,Saint Vincent and the Grenadines,2:3,Americas,Caribbean,UN Member,Blue: 286 C / Yellow: 116 C / Green: 354 C,Standardized color specs (CMYK/HEX/RGB) to PANTONE Color Bridge values to prevent muddy K-channel output. Original notes: Canadian pale triband: 青・黄・緑（帯幅比1:2:1）。黄帯に緑のV字形ダイヤモンド3個（= 'Gems of the Antilles'）。Blue 286 C 確認。**Yellow を 109 から 116 C に修正**。Green 354 C 確認。CMYK修正。,../04_ai_cmyk/VC.ai,../03_svg_verified/VC.svg
VE,ベネズエラ,Venezuela,2:3,Americas,South America,UN Member,"Yellow: 116 C / Blue: 286 C / Red: 186 C / White: CMYK 0, 0, 0, 0",**De jure に昇格**。2006年改正で8番目の星を追加（ボリバルの勅令に基づく）。法はPantoneを規定せず。**Yellow を 102 から 116 C に修正。Blue を 293 から 286 C に修正。Red を 032 から 186 C に修正** — 3色全て修正。,../04_ai_cmyk/VE.ai,../03_svg_verified/VE.svg
VG,イギリス領ヴァージン諸島,British Virgin Islands,1:2,Americas,Caribbean,Territory,"Blue: 281 C / Red: 186 C / White: CMYK 0, 0, 0, 0 / Green: 363 C / Yellow: 116 C / Black: Black C","Standardized color specs (CMYK/HEX/RGB) to PANTONE Color Bridge values to prevent muddy K-channel output. Original notes: British Blue Ensign。紋章: 緑盾に聖ウルスラ（金のランプ+11の炎ランプ）、巻物'Vigilate'。1999年以降バッジ拡大+白縁。**Red を 032 から 186 C に修正。Yellow を 109 から 116 C に修正**。Green 363 C, Blue 281 C 確認。Black→Black C。",../04_ai_cmyk/VG.ai,../03_svg_verified/VG.svg
VI,アメリカ領ヴァージン諸島,United States Virgin Islands,2:3,Americas,Caribbean,Territory,"White: CMYK 0, 0, 0, 0 / Yellow: 102 C / Light Blue: 292 C / Blue: 281 C / Green: 355 C / Red: 179 C","Standardized color specs (CMYK/HEX/RGB) to PANTONE Color Bridge values to prevent muddy K-channel output. Original notes: **空データから完全に新規作成**。1921年5月17日EO採用。白地にアメリカン・イーグル（黄）、青文字'V''I'。鷲は月桂枝（緑）+3本の青い矢を持つ。胸に赤白青ストライプ盾。6色（White, Yellow 102 C, Light Blue 292 C, Blue 281 C, Green 355 C, Red 179 C）。London 2012基準。",../04_ai_cmyk/VI.ai,../03_svg_verified/VI.svg
VN,ベトナム,Viet Nam,2:3,Asia,South-Eastern Asia,UN Member,Red: 186 C / Yellow: 116 C,"**De jure に昇格**。憲法Art.141:「鮮紅色地に明るい金色の五芒星」。星の半径=旗長の1/5、中央配置。星の5点=知識人・農民・労働者・起業家・軍人。Red 186 C, Yellow 116 C 確認。「C」サフィックスを付与。",../04_ai_cmyk/VN.ai,../03_svg_verified/VN.svg
VU,バヌアツ,Vanuatu,3:5,Oceania,Melanesia,UN Member,Red: 186 C / Green: 347 C / Black: Black C / Yellow: 116 C,"Standardized color specs (CMYK/HEX/RGB) to PANTONE Color Bridge values to prevent muddy K-channel output. Original notes: 1980年2月18日採用。比率3:5。赤緑二色帯にホイスト黒三角+黄Y字型（pall、黒縁帯）。黒三角内に金の猪の牙+交差するナメレ・シダ（39葉=39議員）。**Red 186 C, Green 347 C, Yellow 116 C 全て確認** ✅。Black→Black C。",../04_ai_cmyk/VU.ai,../03_svg_verified/VU.svg
WF,ウォリス・フツナ,Wallis and Futuna,2:3,Oceania,Polynesia,Territory,"Red: 186 C / White: CMYK 0, 0, 0, 0 / Blue: 286 C","Standardized color specs (CMYK/HEX/RGB) to PANTONE Color Bridge values to prevent muddy K-channel output. Original notes: **空データから完全に新規作成**。仏海外準県 — 公式旗は仏三色旗。非公式地元旗（ウヴェア旗、c.1985）: 赤地にカントンの仏三色旗+白い十字パテ（4つの白い二等辺三角形=3王+仏総督）。三色旗基準色を記録（Red 186 C, Blue 286 C）。",../04_ai_cmyk/WF.ai,../03_svg_verified/WF.svg
WS,サモア,Samoa,1:2,Oceania,Polynesia,UN Member,"Red: 186 C / Blue: 281 C / White: CMYK 0, 0, 0, 0",Standardized color specs (CMYK/HEX/RGB) to PANTONE Color Bridge values to prevent muddy K-channel output. Original notes: Act 1994はデザインのみ規定、Pantone未指定。赤地に青カントン（白い南十字星5星）。1949年採用、1962年独立で維持。Tupua Tamasese Meaʻole + Malietoa Tanumafili II デザイン。**Red を 032 から 186 C に修正**。Blue 281 C 確認。色順序修正。,../04_ai_cmyk/WS.ai,../03_svg_verified/WS.svg
XK,コソボ,Kosovo,5:7,Europe,Southern Europe,Disputed,"Blue: 2133 C / Gold: 7407 C / White: CMYK 0, 0, 0, 0","2008年2月17日独立宣言で採用。比率5:7。青地に金のコソボ地図+白い六星アーチ（6民族: アルバニア人・セルビア人・ボスニア人・トルコ人・ロマ・ゴラニ人）。**Blue 2133 C, Gold 7407 C 確認** ✅（複数ソースで一致）。White「N. A.」除去。ノイズ「!」除去。",../04_ai_cmyk/XK.ai,../03_svg_verified/XK.svg
YE,イエメン,Yemen,2:3,Asia,Western Asia,UN Member,"Red: 186 C / White: CMYK 0, 0, 0, 0 / Black: Black C",Standardized color specs (CMYK/HEX/RGB) to PANTONE Color Bridge values to prevent muddy K-channel output. Original notes: 1990年5月22日統一で採用。汎アラブ色: 三等分帯（赤白黒）。赤=統一/殉教者の血、白=明るい未来、黒=歴史/過去の困難。**Red を 032 から 186 C に修正**。Black「Black」→「Black C」。CMYK修正。,../04_ai_cmyk/YE.ai,../03_svg_verified/YE.svg
YT,マヨット,Mayotte,2:3,Africa,Eastern Africa,Territory,"Blue: 072 C / White: CMYK 0, 0, 0, 0 / Red: 485 C","**De jure**: 仏海外県 — AFNOR NFX 08002準拠（Blue A503, White A665, Red A805）。Blue 072 C, Red 485 C 確認。非公式地元旗: 白地にマヨット紋章（青赤盾+三日月+イランイラン花、タツノオトシゴ、モットー'RA HACHIRI'）。ゴミ文字列除去。",../04_ai_cmyk/YT.ai,../03_svg_verified/YT.svg
ZA,南アフリカ,South Africa,2:3,Africa,Southern Africa,UN Member,"Green: 3415 C / Black: Black C / Yellow: 1235 C / White: CMYK 0, 0, 0, 0 / Red: 179 C / Blue: Reflex Blue C","**De jure に昇格**。SABS（南アフリカ標準局）CKS繊維色コードが公式標準: Green=CKS 42c (Spectrum Green→3415 C), Black=CKS 401c (Blue Black→Black C), White=CKS 701c, Yellow=CKS 724c (Gold Yellow→1235 C), Red=CKS 750c (Chilli Red→179 C), Blue=CKS 762c (National Flag Blue→Reflex Blue C)。**全6色確認** ✅。Black「Black」→「Black C」。Blue「Reflex Blue」→「Reflex Blue C」。色順序修正。",../04_ai_cmyk/ZA.ai,../03_svg_verified/ZA.svg
ZM,ザンビア,Zambia,2:3,Africa,Eastern Africa,UN Member,Green: 355 C / Red: 186 C / Black: Black C / Orange: 151 C,"**De jure に昇格**。British Colour Council (BCC) 色番号が法的根拠: Green=BCC 100 (Spectrum Green), Red=BCC 210 (Union Jack Red), Black=BCC 220 (Jet Black), Orange=BCC 57 (Spectrum Orange)。緑地（旗の3/4）+右下にフライ三色帯（赤黒橙）+上にアフリカン・フィッシュ・イーグル。**Red を 032 から 186 C に修正。Orange を 150 から 151 C に修正**。Black→Black C。CMYK修正。",../04_ai_cmyk/ZM.ai,../03_svg_verified/ZM.svg
ZW,ジンバブエ,Zimbabwe,1:2,Africa,Eastern Africa,UN Member,"Green: 355 C / Yellow: 116 C / Red: 186 C / Black: Black C / White: CMYK 0, 0, 0, 0",Standardized color specs (CMYK/HEX/RGB) to PANTONE Color Bridge values to prevent muddy K-channel output. Original notes: 1980年4月18日採用。比率1:2。7帯（緑黄赤黒赤黄緑）。ホイストに白い二等辺三角形（黒縁）、内部に赤い五芒星+金のジンバブエ・バード（大ジンバブエ遺跡の石彫）。**Yellow を 102 から 116 C に修正。Red を 032 から 186 C に修正**。Black→Black C。「C」サフィックスを付与。,../04_ai_cmyk/ZW.ai,../03_svg_verified/ZW.svg
